genus,sequence
Pachygnatha,TAGATTATATTTTATATTTGGTGTTTGGGCTGCTATAGTTGGGACTGCAATAAGAGTTTTAATTCGTATCGAGCTAGGTCAAACTGGAAGATTTTTGGGGGATGACCAGTTGTATAATGTTATTGTTACTGCTCATGCTTTTGTTATAATTTTTTTTATAGTTATGCCTATTTTGATTGGGGGGTTTGGTAATTGGTTGGTGCCGTTAATATTAGGGGCTCCAGATATGGCTTTCCCTCGCATAAATAATTTAAGATTTTGGCTACTTCCCCCTTCGTTGTTCATATTGTTTATTTCCTCTATGGTAGATGTAGGGGTGGGTGCTGGCTGGACTGTGTATCCCCCTTTAGCTGGGCTAGAAGGGCATTCTGGAAACTCTGTAGATTTCGCTATTTTTTCTCTTCATCTAGCGGGGGCATCTTCTATTATGGGGGCTATTAATTTTATTTCTACTATTATTAATATGCGAATGAGTGGGGTTACTATAGAAAAAGTCCCTTTATTTGTCTGATCTGTTTTAATTACAGCAGTACTTCTTCTTCTTTCTTTACCTGTTTTAGCGGGGGCTATTACAATGCTATTAACTGATCGAAATTTTAATACGTCTTTTTTTGACCCTTCTGGGGGGGGAGATCCTATTTTATTCCAGCATTTGTTT
Grammonota,AAGTTTATATTTTATTTTTGGAGCTTGAAGTGCTATAGTGGGTACTGCTATAAGAGTATTAATTCGTATTGAATTAGGACAAACTGGAAGTTTACTTGGAGATGATCAATTATATAATGTTATTGTAACTGCTCATGCTTTTATTATAATTTTTTTTATAGTTATGCCTATTTTAATTGGAGGTTTTGGAAATTGGTTAATTCCTTTAATATTAGGTGCGCCTGATATAGCATTTCCTCGTATAAATAATTTAAGATTTTGGTTATTACCTCCTTCTTTATTATTATTATTTATTTCTAGAATAGATGAAATAGGAGTGGGTGCAGGTTGAACTATTTATCCTCCTCTTGCTTCTTTAGATGGACATTCTGGAAGATCAGTGGATTTTGCTATTTTTTCTTTACATTTAGCAGGGGCTTCTTCTATTATAGGAGCTATTAATTTTATTTCTACTATTATTAATATACGAGGGTATGGTATGACTATAGAAAAAGTTCCTTTATTTGTTTGATCTGTTTTGATTACAGCTGTATTATTATTATTATCTTTACCTGTGTTAGCAGGTGCCATTACTATACTTTTAACAGATCGAAACTTTAATACATCATTTTTTGATCCATCTGGAGGAGGGGATCCTATTTTATTTCAACATTTATTT
Emblyna,AACTCTGTATTTATTGTTTGGGGCTTGAGCTGCTATAGTAGGGACTGCAATAAGAGTATTAATTCGAATTGAGTTGGGACAACCTGGAAGATTTTTAGGTAATGATCAGATATATAATGTTATAGTTACTGCTCATGCTTTTGTTATAATTTTTTTTATAGTAATACCAATTTTAATTGGAGGATTTGGAAATTGATTAGTTCCTTTAATATTAGGAGCTCCTGATATAGCTTTTCCTCGGATAAATAATTTAAGATTTTGATTATTACCTCCTTCTTTATTATTATTATTTATTTCTTCGATAGTCGAAATAGGGGTTGGAGCAGGATGAACTATTTATCCTCCTTTGGCTGCTGTGGTTGGTCATTCAGGAAGATCTGTGGATTTTGCTATTTTTTCTTTACATTTAGCTGGAGCTTCTTCAATTATAGGAGCTATTAATTTTATTTCTACTATTATTAATATACGAATGGCAGGAATAAGAATAGAAAAAGTTCCTTTATTTGTTTGGTCTGTTTTAATTACTGCCGTTCTTTTATTGTTGTCTCTTCCAGTTTTAGCGGGGGCTATTACAATATTGTTAACTGATCGAAATTTTAATACATCTTTTTTTGATCCTGCGGGGGGAGGGGATCCTATTTTATTTCAACATTTATTT
Larinioides,AACTTTATATTTAATTTTTGGTGCTTGAGCTGCTATAGTTGGGACTGCTATAAGAGTATTAATTCGAGTTGAATTAGGCCAACCTGGAAGATTTATAGGAGATGATCAGTTATATAATGTTATTGTTACTGCTCATGCTTTTGTAATGATTTTTTTTATAGTTATACCTATTTTAATTGGAGGTTTTGGAAATTGATTAGTTCCTTTAATATTAGGAGCACCTGATATAGCTTTTCCTCGTATAAATAATTTAAGGTTTTGATTACTTCCACCATCATTATTTTTATTAATTGTTTCATCAATAGTAGAAATAGGAGTAGGAGCTGGATGAACTGTTTATCCACCTCTAGCTAGATTAGAAGGTCATGCTGGAAGGTCAGTTGATTTTGCTATTTTTTCATTACATTTAGCTGGGGCCTCATCAATTATAGGGGCTATTAATTTTATTTCAACAATTATTAATATACGTTTTTATGGAATAACTATAGAAAAGGTTCCTTTATTTGTTTGATCAGTATTGATTACTGCTGTATTATTACTTCTTTCATTACCAGTATTAGCTGGGGCTATTACAATATTATTAACGGATCGAAATTTTAATACTTCTTTTTTTGACCCTTCTGGAGGAGGTGATCCTATTTTATTTCAACATTTATTT
Pardosa,TACTTTATATTTAATATTTGGAGTTTGATCGGCTATAATAGGGACTGCTATAAGAGTATTAATTCGAATAGAATTAGGAAATCCTGGGAGATTATTAGGTGATGATCATTTATATAATGTTATAGTTACTGCTCATGCTTTTGTAATAATTTTTTTTATAGTAATACCAATTCTTATTGGAGGTTTTGGGAATTGATTAATTCCTTTAATATTAGGAGCTCCAGATATATCATTTCCTCGAATAAATAATCTTTCTTTTTGATTATTACCTCCTTCTTTATTTTTATTATCTATATCTTCTATAGTGGAGATAGGAGTTGGTGCTGGATGAACTGTTTATCCTCCTTTAGCATCTACGGTTGGTCATATAGGAAGTTCAATAGATTTTGCTATTTTTTCTCTTCATTTGGCTGGAGCCTCTTCTATTATAGGGGCTGTAAATTTTATTTCTACTATTATAAATATACGGATAATAGGAATATCTTTAGAAAAAGTTCCTCTTTTTGTTTGATCAGTTTTAATTACAGCAGTATTATTATTGCTTTCTTTACCTGTTTTAGCAGGTGCTATTACTATATTATTAACAGATCGAAATTTTAATACTTCTTTTTTTGATCCTGCTGGTGGAGGAGATCCTATTTTATTTCAACATTTAGTT
Ceratinopsis,AAGTTTATATTTTATTTTTGGTGCATGGGCTGCTATGGTAGGGACAGCAATAAGAGTATTAATTCGAATTGAGTTAGGACAAATTGGAAGATTATTGGGGGATGATCAGTTGTATAATGTTATTGTAACTGCGCATGCTTTTGTTATAATTTTTTTTATAGTAATACCTATTTTAATTGGTGGATTTGGAAATTGATTGGTTCCTTTAATGTTAGGGGCTCCTGATATAGCTTTTCCTCGTATAAATAACTTAAGATTTTGGCTTTTACCACCTTCTTTGTTATTATTGTTTATTTCTAGAATAGATGAAATAGGGGTGGGGGCTGGATGAACTATTTATCCTCCACTTGCTTCTCTAGAAGGACATTCTGGTAGATCTGTAGATTTTGCTATTTTTTCTTTACATTTGGCAGGGGCTTCTTCTATTATGGGGGCTATTAATTTTATTTCTACTATTATTAATATACGAGGGTATGGAATATCTATGGAAAAAGTTCCTTTATTTGTTTGGTCTGTATTAATTACGGCTGTTTTGTTACTTTTATCTTTACCTGTTTTAGCAGGGGCTATTACTATACTTTTAACAGATCGAAATTTTAATACATCTTTTTTTGATCCTTCTGGAGGGGGGGATCCAGTTTTATTCCAACACTTGTTT
Enoplognatha,AACTTTATATTTATTGTTTGGAGCTTGGGCTGCTATAGTAGGTACAGCTATAAGAGTTTTAATTCGAATTGAGTTGGGGCAAACTGGGAGATTTTTAGGTGACGATCAATTATATAATGTAATTGTAACAGCTCATGCATTTGTAATAATTTTTTTTATAGTTATACCTATTTTAATTGGAGGTTTTGGGAATTGGTTAGTTCCTTTAATATTAGGAGCTCCTGATATGGCTTTTCCTCGAATAAATAATTTAAGTTTTTGATTACTACCTCCTTCATTAATATTATTATTTGTTTCTTCAATAGTAGAAATAGGAGTAGGAGCTGGGTGGACAGTTTACCCTCCTTTATCTTCTTTGGAAGGACATGCTGGTAGATCTGTAGATTTTGCTATTTTTTCTTTACATTTAGCTGGTGCTTCATCTATTATAGGAGCTATTAATTTTATTTCTACTATTTTAAATATACGTTCTTTTGGAATAAGAATAGAAAAGGTTTCTCTTTTTGTCTGATCTGTTCTTATTACTGCTGTTTTATTGTTACTTTCTTTACCTGTATTAGCAGGAGCTATTACTATATTATTGACGGATCGAAATTTTAATACTTCATTTTTTGATCCTGCGGGGGGAGGAGATCCTATTTTATTTCAACATTTATTT
Bathyphantes,GACGTTATATTTAATTTTTGGTGCCTGGGCAGCTATGGTAGGGACTGCAATAAGAGTTTTAATTCGAATTGAGTTGGGTCAAACGGGAAGAATGTTAGGGGATGACCATTTGTATAATGTAATTGTAACAGCGCATGCTTTTATTATAATTTTTTTTATAGTTATACCTATTTTAATTGGGGGTTTTGGTAATTGATTAGTCCCTTTAATATTAGGGGCTCCGGATATAGCTTTTCCTCGTATAAATAATTTAAGTTTTTGGTTACTTCCTCCTTCTTTATTAATATTATTTATTTCTTCTATAGTAGAGATAGGTGTTGGAGCTGGTTGGACTGTATATCCGCCATTGGCTGGATTGGAAGGGCATTCTGGGAGATCTGTGGATTTTGCCATTTTTTCATTACATTTAGCAGGGGCTTCTTCTATTATGGGGGCTATTAATTTTATTTCTACAATTTTAAATATACGAGCGTATAATATCAGAATGGAGAAGGTTTCTTTATTTGTATGATCAGTATTGATTACGGCTGTTCTTTTATTGTTATCTCTACCTGTTTTAGCAGGAGCTATCACTATATTATTAACTGATCGAAATTTTAATACTTCTTTTTTTGACCCTGCAGGGGGGGGGGATCCTGTGTTGTTTCAGCATTTATTT
Pardosa,GACTTTATATTTAATATTTGGAGTTTGGTCAGCTATAATGGGGACTGCTATAAGAGTATTAATTCGAATGGAATTAGGTAATCCTGGGAGATTATTAGGTGATGATCATTTATATAATGTTATAGTTACTGCTCATGCTTTTGTAATAATTTTTTTTATAGTAATACCAATTCTTATTGGGGGTTTTGGAAATTGGTTAGTTCCTTTAATATTAGGAGCTCCGGATATATCATTTCCTCGAATAAATAATCTTTCTTTTTGATTATTACCTCCTTCATTATTTTTATTGTCAATATCCTCTATAGTAGAAATAGGAGTTGGTGCTGGATGAACTGTTTATCCTCCTTTAGCATCTACGGTTGGTCATATAGGAAGTTCAATGGATTTTGCTATTTTTTCTCTTCATTTAGCTGGTGCTTCTTCTATTATAGGGGCTGTAAATTTTATTTCTACTATTATTAATATACGAATATTAGGAATATCTATAGAAAAAGTTCCTCTTTTTGTTTGATCAGTTTTAATTACGGCAGTACTATTGTTGCTTTCTTTACCTGTATTAGCAGGTGCTATTACTATATTATTAACAGATCGAAATTTTAATACTTCTTTTTTTG--------------------------------------------
Philodromus,GACTTTATATTTAATTTTTGGTGCTTGGGCAGCAATAGTTGGTACAGCAATAAGTGTATTAATTCGAATAGAATTAGGACAAGTAGGTAAATTTTTAGGTGATGATCATTTGTATAATGTTATTGTTACTGCTCATGCATTTGTCATAATTTTTTTTATAGTAATACCTATTTTAATTGGTGGATTTGGAAATTGATTAGTTCCTTTAATATTAGGTGCCCCAGATATAGCATTTCCTCGAATAAATAATTTAAGTTTTTGATTACTTCCTCCATCATTATTATTATTATTTATTTCTTCTATAGTTGAAATAGGAGTTGGTGCTGGTTGAACAGTTTATCCTCCTTTAGCATCTGCTACAGGTCATGCTGGAAGTGCTGTTGATTTTGCTATTTTTTCATTACATTTAGCAGGAGCATCTTCTATTATAGGTTCCATTAATTTTATTTCTACTATTGTTAATATACGATCAAGTGGTATAAAAATAGATAAAGTTCCGTTATTTGTATGATCTGTTATAATTACCACTGTATTATTACTTTTATCATTACCTGTATTAGCAGGTGCTATTACTATACTTTTAACAGATCGAAATTTTAATACTTCTTTCTTTGATCCTGCTGGAGGAGGAGATCCTATTTTATTTCAACATTTGTTT
Araniella,--------------------------------------------------------------TTCGAGTTGAATTAGGGCAATCTGGAAGATTTCTTGGGGATGACCAATTGTATAATGTAATCGTTACAGCACACGCATTTGTTATAATCTTTTTTATAGTAATACCTATTTTAATTGGGGGGTTTGGTAACTGGTTAGTTCCATTAATATTAGGGGCCCCTGATATAGCATTTCCTCGGATAAATAATTTAAGATTTTGATTATTACCCCCTTCCTTATTTTTATTAATTATTTCCTCAATAGTAGAGATAGGGGTAGGAGCTGGGTGGACAGTCTATCCTCCTCTAGCTGGGCTAGAGGGTCATGCTGGGAGGTCTGTGGATTTTGCTATTTTTTCTCTTCATTTAGCGGGGGCATCTTCCATCATGGGGGCTATTAATTTTATTTCTACTATTATCAATATACGGTTTTATGGAATAAGGATAGAAAAGGTTCCTTTATTTGTTTGATCTGTTCTTATTACAGCTGTTTTATTACTTTTATCACTTCCTGTATTGGCCGGGGCTATTACTATATTATTGACTGATCGAAATTTTAATACTTCTTTTTTTGATCCATCAGGTGGGGGGGATCCTATTTTATTTCAGCATTTATTT
Grammonota,TAGCTTATATTTTATTTTTGGAGCTTGAGCCGCTATAGTAGGTACTGCTATAAGAGTATTAATTCGTATTGAGTTAGGTCAAATTGGAAGTTTATTAGGGGATGATCAATTATATAATGTTATTGTTACTGCTCATGCTTTCGTTATAATTTTTTTTATGGTTATACCCATTTTAATTGGGGGGTTTGGAAATTGATTAGTTCCTTTGATATTAGGGGCGCCTGATATAGCGTTCCCACGAATAAATAATTTGAGATTTTGATTATTACCCCCCTCTTTATTATTACTATTTATTTCTAGAATAGATGAAATAGGAGTGGGTGCGGGTTGAACTATTTATCCACCTCTTGCTTCTTTGGAGGGGCATTCTGGTAATTCAGTAGATTTTGCTATTTTTTCTTTACATTTAGCAGGTGCTTCTTCTATTATAGGAGCTATCAATTTTATTTCTACTATTATTAATATACGAGGGTATAGCATATCTATAGAAAAAGTTCCTTTATTTGTTTGATCTGTGCTAATTACAGCTGTTCTATTACTTTTATCTTTACCAGTGTTGGCAGGTGCTATTACTATACTTTTAACAGATCGAAATTTTAATACTTCATTTTTTGATCCATCGGGGGGAGGGGATCCTGTTTTATTTCAACACTTATTT
Rhomphaea,AACATTATATTTATTATTTGGAGCTTGATCAGCAATAGTTGGTACAGCTATAAGAGTAATAATTCGAATTGAACTTGGACAAACTGGAAGTTTTTTTGGAGATGATCAATTATATAATGTAATTGTAACTGCTCATGCATTTGTAATAATTTTTTTTATAGTAATGCCTATTCTAATTGGTGGATTTGGAAATTGATTAGTTCCTATAATATTAGGGGCTCCTGATATAGCTTTTCCACGAATAAATAATTTAAGTTTTTGATTACTTCCTCCTTCTTTATTATTATTATTTATTTCTTCCATAGTTGAAATAGGAGTAGGAGCAGGTTGAACTGTATATCCTCCTTTATCTTCTTTAGAAGGTCATGCTGGTAGTTCGGTAGATTTTGCTATTTTTTCTTTACATTTAGCTGGTGCATCTTCTATTATAGGAGCAATTAATTTTATTTCTACAATTTTAAATATACGGTCAATAGGAATAAGATTAGAAAAAATCTCATTGTTTGTGTGATCTGTATTAATTACTGCTGTTTTATTACTTTTATCTTTACCAGTTTTAGCCGGGGCTATTACTATATTATTAACTGATCGGAATTTTAATACTTCTTTTTTTGATCCTGCAGGGGGTGGTGATCCTATTTTATTTCAACATTTATTT
Wadicosa,AACGTTATATTTAATATTTGGTGTTTGATCGGCTATAATGGGAACTGCTATAAGAGTTTTGATTCGAATGGAATTAGGAAATCCTGGTAGATTATTAGGGAATGATCATATATATAATGTTATAGTTACTGCTCATGCTTTTGTAATAATTTTTTTTATGGTAATACCAATTCTTATTGGAGGATTTGGAAATTGATTGGTACCTTTAATGTTAGGAGCTCCTGATATATCTTTTCCTCGAATGAATAATCTTTCTTTTTGATTATTACCTCCTTCTTTGTTTTTATTATCTATATCTTCTATAGTGGAAATAGGAGTTGGTGCTGGATGAACTGTTTATCCTCCTTTAGCATCAACGGTTGGTCATATAGGAAGTTCTATAGATTTTGCTATTTTTTCTTTGCATTTAGCTGGAGCTTCTTCTATTATAGGGGCTGTTAATTTTATTTCTACTATTATTAATATACGAGTGGTAGGAATGTCTATAGAAAAGGTTCCTCTTTTTGTTTGATCAGTTTTAATTACAGCAGTTTTATTATTACTTTCTTTACCTGTGTTAGCAGGAGCTATTACTATATTGTTAACTGATCGTAATTTTAATACTTCTTTTTTTGACCCTGCGGGAGGTGGAGATCCTATTTTATTTCAACATTTATTT
Gnaphosa,AACTTTGTATTTATTATTTGGATCTTGAGCTGCTATAGTAGGAACTGCAATAAGAGTATTAATTCGTATAGAATTAGGACAAACAGGAAGTTTATTAGGAGATGATCATCTTTATAATGTAATTGTTACGGCTCATGCATTTGTAATAATTTTTTTTATAGTGATACCAATTTTAATTGGAGGGTTTGGTAATTGATTAGTTCCTTTAATATTAGGAGCTCCTGATATAGCTTTTCCTCGAATGAATAATTTAAGATTTTGGTTATTACCCCCTTCTTTAATTTTATTATTTATTTCATCTATAGTTGAAATAGGAGTAGGGGCAGGATGAACTGTTTATCCTCCTTTAGCTTCAGGATTAGGACATCCTGGAAGAGCAATAGATTTTGCTATTTTTTCTTTACATTTAGCGGGAGCCTCCTCTATTATAGGAGCTGTAAATTTTATTTCTACTATTATTAATATACGTTCGTTTGGAATAAGAATAGAAAAGGTTTCTTTGTTTGTTTGGTCGGTATTAATTACTGCTGTTTTGTTATTATTATCTTTACCTGTTTTAGCAGGAGCTATTACTATATTGTTGACTGATCGGAATTTTAATACTTCTTTTTTTGATCCGGCTGGAGGGGGTGATCCAATTTTGTTTCAACATTTATTT
Dictyna,GACTTTATATTTATTGTTTGGGGCTTGAGCTGCTATAGTTGGTACTGCAATGAGTGTATTAATTCGAATTGAATTAGGTCAACCTGGAAGATTTTTGGGAAATGATCAAATATATAATGTTATAGTTACTGCTCATGCTTTTGTTATAATTTTTTTTATAGTGATACCAATTTTGATTGGGGGTTTTGGAAATTGATTAGTTCCTTTAATATTAGGGGCTCCTGATATAGCTTTTCCTCGTATAAATAACTTGAGATTTTGATTGTTGCCCCCTTCTTTGTTATTGTTGTTTATTTCATCTATAGTTGAAATAGGAGTAGGGGCGGGATGAACAATTTATCCACCATTGGCTTCTATTACTGGTCATTCAGGGAGATCTGTAGATTTTGCTATTTTTTCTTTACATTTAGCTGGTGCTTCTTCAATTATAGGTGCGATTAATTTTATTTCTACTATTGTTAATATACGAATAGAGGGAATAACTATAGAGAAGGTCCCTTTATTTGTTTGATCTGTTTTAATTACTGCTGTTCTTTTACTATTGTCTCTTCCAGTTTTAGCTGGAGCTATTACAATATTGTTGACTGATCGAAATTTTAATACGTCTTTTTTTGATCCTGCGGGAGGTGG----------------------------
Agelenopsis,AACTTTATATTTGATTTTTGGTGTTTGGTCCGCTATAGTGGGAACAGCAATAAGAGTTTTAATTCGGATTGAGTTAGGTCAACCTGGGAGATATCTAGGTGATGATCATCTTTATAATGTGATTGTAACTGCTCATGCTTTTGTTATAATTTTTTTTATAGTAATACCTATTTTAATCGGGGGTTTTGGAAATTGATTAGTGCCTTTGATATTAGGAGCTCCTGATATGGCGTTCCCTCGTATGAATAATTTAAGATTTTGATTATTACCTCCTTCTCTATTTTTATTATTTATTTCTTCTATAGCTGAAATAGGGGTAGGTGCTGGTTGGACAGTTTATCCCCCTCTAGCTTCTATTGTTGGTCATGCTGGAAGCTCGGTGGATTTTGCTATTTTTTCTTTACATTTAGCGGGGGCTTCTTCTATTATAGGGGCTATTAATTTTATTTCTACTATTTTTAATATACGTTCTTATGGGATGACTATAGAAAAAGTTCCTTTATTTGTTTGGTCGGTTTTAATTACTGCTGTTTTATTATTATTATCTTTGCCTGTATTAGCTGGGGCTATTACTATATTATTAACTGATCGAAATTTTAATACATCTTTTTTTGATCCGGCAGGAGGTGGGGATCCTATTTTATTTCAACATTTGTTT
Misumena,TACTTTATATTTATTATTTGGAGCTTGATCAGCTATAGTTGGTACTGCTATAAGAGTTTTAATTCGGATGGAGTTAGGTAATTCTGGAAGATTATTAGGAAATGATCATTTATATAATGTTATTGTGACTGCTCATGCTTTTGTAATAATTTTTTTTATAGTAATACCAATTTTGATTGGAGGTTTTGGTAATTGATTAGTACCTTTAATGTTAGGAGCTCCTGATATATCTTTTCCACGTATAAATAATTTATCTTTTTGGTTGTTACCCCCTTCATTGTTTTTATTATTTATATCTTCTATGGTTGAAATAGGGGTTGGTGCGGGTTGAACAGTATACCCTCCTTTAGCTTCTAGAGTAGGTCATATAGGAAGATCAATGGATTTTGCTATTTTTTCTCTTCATTTAGCTGGTGCTTCATCAATTATAGGAGCTGTTAATTTTATTTCTACAATTATTAATATACGGAGTGAGGGGATAAGAATGGAAAAAGTTCCTTTATTTGTTTGATCTGTTTTAATTACAGCTATTTTATTGCTTTTATCGCTTCCTGTTTTAGCAGGAGCTATTACTATGTTATTGACTGATCGTAATTTTAATACTTCTTTTTTTGACCCGGCTGGGGGAGGGGATCCAATTTTATTTCAACATTTGTTT
Thymoites,AACATTATATTTAATATTTGGAGCTTGATCAGCAATAGTAGGAACAGCAATAAGAGTATTAATTCGAATTGAATTAGGTCAACCTGGAAGTTTTTTAGGAGATGATCAATTATATAATGTTATTGTTACAGCTCATGCTTTTGTAATAATTTTTTTTATAGTAATACCAATTTTAATTGGTGGTTTTGGAAATTGATTGGTTCCTTTAATATTAGGAGCTCCTGATATAGCTTTTCCTCGAATAAATAATTTAAGATTTTGATTATTACCTCCTTCTTTATTATTATTGTTTATTTCTTCAATAGTAGAAATGGGTGTAGGAGCTGGATGAACTGTTTATCCTCCTTTATCATCATTAGATGGTCATAATGGAAGATCAGTTGATTTTGCTATTTTTTCTCTTCATTTAGCTGGTGCTTCATCAATTATAGGAGCTGTTAATTTTATTAGAACTATTTTAAATATACGAGTATATGAAATATCTATAGAAAAAGTTTCTCTGTTTGTTTGATCAGTTTTAATTACTGCTGTATTATTATTATTATCATTACCTGTATTAGCAGGTGCTATTACAATATTATTAACTGATCGAAATTTTAATACTTCGTTTTTTGATCCAGCAGGGGGAGGAGATCCTATTTTATTTCAACATTTATTT
Tenuiphantes,TACTTTATATTTTATTTTTGGAGCGTGAGCTGCTATAGTAGGAACTGCTATAAGAGTATTGATTCGAATTGAGTTGGGTCAAACTGGGAGAATATTGGGAGATGATCAGTTATATAATGTTATTGTCACTGCACATGCTTTTGTTATAATTTTTTTTATAGTTATACCTATTTTAATTGGGGGATTTGGAAATTGATTAGTTCCTTTGATACTTGGGGCACCTGATATAGCTTTTCCTCGAATAAATAATTTAAGCTTTTGACTTTTACCCCCTTCTTTGTTATTATTATTTATTTCAAGTATGGTTGAGATAGGAGTTGGGGCAGGGTGAACAGTGTATCCTCCTCTTGCTTCTTTGGAAGGTCATGCAGGAAGTTCTGTGGACTTTGCTATTTTTTCTCTTCATTTAGCTGGGGCTTCTTCTATTATAGGAGCAATTAATTTTATTTCTACTATTTTGAATATACGAGGGTATGGGGTATCTATAGAAAAAGTACCATTGTTTGTTTGATCTGTGTTAATTACTGCTGTTCTCTTATTATTATCATTACCTGTTTTAGCAGGTGCTATTACAATACTTTTAACTGATCGAAATTTTAATACTTCATTTTTTGACCCTGCAGGAGGGGGAGATCCAGTATTATTCCAACATTTATTT
Amaurobius,AACTTTATATTTGATTTTTGGTGTATGATCTGCTATAGTAGGGATAGCAATAAGAGTATTGATTCGAGTTGAATTAGGACAATCTGGAAGATTTTTAGGGGATGATCATTTATATAATGTAGTAGTTACAGCTCATGCTTTTATTATAATTTTTTTTATAGTTATACCTATTATAATTGGGGGATTTGGAAATTGATTAATTCCTTTAATATTAGGGGCTCCTGATATAGCTTTTCCTCGTATAAATAATTTGAGATTTTGATTATTACCTCCTTCATTATTATTATTGTTTATTTCTTCGATAGTTGAAATAGGGGTAGGAGCAGGATGGACTATTTATCCTCCTTTAGCTTCTATAATAGGACATTCTGGTTTGGCAGTAGATTTTGCTATTTTTTCTTTACATTTAGCGGGGGCTTCTTCTATTATAGGGGCTATTAATTTTATTTCTACTATTATTAATATACGTTCATATTCAATAAGAATAGAGAAAATTTCTTTATTTGTTTGATCAATTTTTATTACTGTAATTTTATTATTATTATCTTTACCTGTTTTAGCAGGAGCGATTACTATATTATTAACAGATCGAAATTTTAATACTTCTTTTTTTGATCCTGCAGGGGGTGGGGATCCTATTTTATTTCAACATTTATTT
Incestophantes,TTCTTTATATTTTATTTTTGGAGCTTGAGCTGCTATAGTAGGGACTGCTATAAGAGTATTGATTCGAATTGAGTTAGGTCAAACAGGGAGAATATTGGGCGATGACCAGTTATATAATGTTATTGTTACAGCTCATGCTTTTGTTATAATTTTTTTTATAGTTATACCAATTTTAATTGGTGGGTTTGGAAATTGGTTAGTACCTTTGATGTTAGGAGCCCCTGATATAGCTTTTCCACGAATAAATAACTTGAGATTTTGGTTATTACCCCCTTCTTTATTATTATTGTTTATTTCGAGTATAGTTGAGATAGGAGTTGGGGCTGGGTGAACTGTGTATCCCCCTCTTGCTTCTCTAGAGGGGCATGCTGGTAGTTCTGTTGATTTTGCTATTTTTTCTCTTCATTTAGCTGGGGCTTCTTCTATTATGGGGGCTATTAATTTTATTTCTACTATTATTAATATACGAGGGTATGGAGTTTCTATAGAAAAAGTTCCACTTTTTGTGTGATCTGTATTAATTACAGCTGTTTTGTTACTTTTATCTCTTCCTGTTTTAGCAGGGGCAATTACAATATTATTAACAGATCGTAATTTTAATACCTCTTTTTTTGATCCGGCAGGGGGAGGGGACCCAGTTTTATTC------------
Pityohyphantes,TACTTTATATTTTATTTTTGGAGCATGGTCAGCTATAGTAGGAACGGCCATAAGAGTGTTAATTCGAATTGAGTTAGGGCAAATTAGAAGAGTGTTAGGAAATGATCAACTTTATAATGTAATTGTTACTTCTCATGCTTTTGTAATAATTTTTTTTATAGTAATACCTATTTTAATTGGTGGGTTTGGGAATTGGTTAGTTCCTCTAATATTAGGTGCTCCTGATATGGCATTTCCTCGAATAAATAATTTAAGTTTTTGGCTACTTCCTCCTTCATTACTATTATTATTTATTTCTTCTATGGTAGAAATAGGAGTTGGGGCAGGTTGAACTGTTTATCCTCCTTTATCTTCATTAGAAGGACATTCTGGGGGATCCGTTGATTTTGCTATTTTTTCTTTACATTTAGCAGGGGCTTCCTCTATTATAGGGGCTATTAATTTTATTTCCACAATTTTAAATATACGAGCATATATAATTAGTATAGAAAAGGTGTCTTTATTTGTTTGATCCATTTTAATTACTGCTGTTCTTTTATTATTATCTTTACCTGTTTTAGCTGGGGCTATTACAATACTATTGACTGATCGAAATTTTAATACATCATTTTTTGATCCTGCTGGAGGAGGAGATCCTATTTTATTTCAACATTTATTT
Pardosa,AACTTTATATTTAATATTTGGAGTTTGATCAGCTATAATAGGTACTGCTATAAGAGTATTAATTCGAATAGAATTAGGGAATCCTGGAAGATTATTAGGTGATGATCATTTATATAATGTTATGGTTACTGCACATGCTTTTGTAATAATTTTTTTTATAGTTATACCAATTCTTATTGGAGGGTTTGGAAATTGATTGATTCCTTTAATGTTAGGAGCTCCAGATATATCATTTCCTCGAATAAATAATCTTTCTTTTTGATTATTGCCTCCTTCTTTATTTTTATTATCTATATCTTCTATAGTGGAAATAGGAGTTGGTGCTGGATGAACTGTTTATCCTCCTTTAGCATCTACAGTTGGTCATATAGGAAATTCTATAGATTTCGCTATTTTTTCTCTTCATTTAGCTGGGGCTTCTTCTATTATGGGAGCTGTGAATTTTATTTCTACTATTATTAATATACGAATATTAGGGATGTCTATAGAAAAGGTTCCTCTTTTTGTTTGATCAGTTTTAATTACAGCAGTATTATTATTACTTTCTTTACCTGTTTTAGCAGGTGCTATTACTATATTATTAACAGATCGAAATTTTAATACTTCTTTTTTTG--------------------------------------------
Walckenaeria,AAGTTTATATTTTATTTTTGGGGCTTGGGCTGCGATAGTAGGAACAGCAATAAGAGTATTAATTCGAATTGAGCTAGGTCAAGTTGGAAGTTTATTAGGAGATGATCAGTTATATAATGTTATTGTTACTGCTCATGCTTTTGTTATAATTTTTTTTATAGTGATACCTATTTTGATTGGGGGGTTTGGTAATTGATTAGTTCCTTTAATGTTAGGGGCTCCGGATATGGCTTTTCCTCGTATGAATAATTTAAGATTTTGACTATTGCCTCCTTCTTTATTTTTATTGTTTGTTTCTAGCATGGATGAAATGGGGGTAGGAGCGGGATGAACTGTGTATCCTCCTCTTGCTTCTCTAGAAGGACATTCTGGAAGATCAGTAGATTTTGCTATTTTTTCTTTACATTTAGCTGGAGCATCATCAATTATGGGGGCTATCAACTTTATTTCTACTATTTTAAATATGCGAGGATATGGAATAACTATAGAAAAGGTTCCTTTATTTGTTTGGTCTGTTTTAATTACAGCTGTTTTATTGTTGTTATCTCTGCCTGTTTTGGCAGGGGCTATTACTATACT-------------------------------------------------------------------------------
Pirata,AACATTATATTTAATTTTTGGAATTTGGTCAGCAATAATTGGTACAGGAATAAGAGTATTAATTCGAATAGAATTAGGTCATTCTGGAAGTTTATTAGGAGACGATCATTTATATAATGTAATGGTTACTGCTCATGCTTTTGTTATAATTTTTTTTATAGTAATACCAATTTTAATTGGTGGTTTTGGTAATTGACTAGTTCCATTAATATTAGGAGCACCTGATATATCATTTCCTCGAATAAATAATTTATCATTTTGATTATTACCTCCATCTTTATTTTTATTATTAATATCTTCAATGGTAGAAATAGGAGTAGGAGCTGGGTGAACAATTTATCCACCTTTAGCTTCTAGTATGGGTCATATAGGAAGATCTATAGATCTAGCTATTTTCTCTTTACATTTAGCTGGTGCTTCTTCTATTATAGGAGCAGTAAATTTTATTTCTACTATTATTAATATACGAATATTAGGAATAAGAATAGAAAAAGTCCCGTTATTTGTATGATCTGTTCTTATTACAGCTGTATTATTACTATTATCATTACCAGTTTTAGCTGGTGCTATTACTATATTACTTACTGATCGAAATTTTAATACTTCATTTTTTG--------------------------------------------
Pardosa,AACTTTATATTTAATATTTGGAGTTTGATCTGCTATAATAGGAACTGCTATAAGAGTATTAATTCGAATGGAATTAGGAAATCCTGGGAGATTATTAGGTGATGATCATTTATATAATGTAATGGTTACTGCTCATGCTTTTGTGATGATTTTTTTTATAGTAATACCAATTCTTATTGGGGGTTTTGGAAATTGATTAGTTCCTTTAATGTTAGGAGCTCCAGATATGTCCTTTCCTCGAATGAATAATCTTTCTTTTTGATTATTACCTCCTTCTTTGTTTTTATTATCTATATCTTCTATGGTAGAGATGGGAGTTGGTGCTGGGTGGACTGTTTATCCTCCTTTAGCGTCTACAGTTGGTCATATAGGGAGTTCTATGGATTTTGCTATTTTTTCTCTTCATTTAGCTGGAGCTTCTTCTATTATAGGGGCTGTAAATTTTATTTCTACTATTATTAATATACGAATATTAGGAATATCTATAGAAAAGGTTCCTCTTTTTGTTTGATCAGTTTTAATTACAGCAGTATTATTGTTACTTTCTTTACCTGTTTTAGCAGGTGCTATTACTATATTATTAACAGATCGAAATTTTAATACTTCTTT-------------------------------------------------
Larinioides,AACTTTATATTTAATTTTTGGTGCTTGAGCTGCTATAGTTGGAACTGCAATAAGAGTATTAATTCGAGTTGAATTAGGACAACCTGGAAGATTTATAGGGGATGATCAATTATATAATGTAATTGTAACTGCTCATGCTTTTGTAATAATTTTTTTTATAGTAATGCCTATTTTAATTGGGGGGTTTGGAAATTGGTTGGTTCCATTAATATTAGGAGCACCTGATATAGCTTTTCCTCGAATAAATAATTTAAGATTTTGATTACTTCCCCCATCATTATTTTTATTAATTATTTCATCAATAGTAGAGATAGGTGTGGGTGCAGGATGGACTGTTTATCCACCTTTAGCAAGATTAGAGGGGCATGCCGGGAGATCAGTTGATTTTGCAATTTTTTCATTACATTTAGCTGGAGCATCATCAATTATAGGGGCTATTAATTTTATTTCAACAATTATTAATATACGTTTCTATGGAATAACTATAGAAAAAGTTCCATTATTTGTGTGGTCAGTATTAATTACTGCTGTATTATTACTTCTTTCTTTACCAGTTTTAGCTGGAGCTATTACAATATTACTAACAGATCGAAATTTTAATACTTCTTTTTTTGACCCTTCTGGGGGAGGGGATCCTATTTTATTTCAACATTTGTTT
Xysticus,AACTTTATATTTATTTTTTGGAGCTTGATCAGCTATAGTAGGTACTGCAATAAGAGTTTTAATTCGAATAGAGTTGGGAAATGTAGGTAGATTATTAGGAGATGATCATTTATATAATGTTATTGTTACAGCTCATGCTTTTGTTATGATTTTTTTTATAGTAATACCTATTTTAATTGGAGGATTTGGAAATTGATTGGTACCTTTAATATTAGGAGCTCCTGATATATCATTTCCTCGAATGAATAATTTATCTTTTTGATTACTTCCGCCTTCTTTATTTTTATTATTTATATCATCTTTAGTAGAGATAGGTGTAGGGGCTGGATGAACTGTGTATCCTCCTTTAGCATCTAGTGTAGGACATATAGGAAGATCTATAGATTTTGCTATTTTTTCTCTTCATTTAGCAGGTGCTTCTTCAATTATAGGAGCTGTTAATTTTATTTCTACAATTATTAATATACGAGTAGTTGGGATATCTATAGAAAAAGTACCTTTATTTGTTTGATCTGTTTTAATTACAGCTATTTTACTTCTTTTATCTTTACCTGTATTAGCAGGAGCTATTACTATATTACTTACAGATCGTAATTTTAATACTTCTTTTTTTGATCCTGCAGGAGGTGGGGATCCTATTTTATTTCAACATTTATTT
Pardosa,AACTTTATATTTAATGTTTGGAGTTTGATCAGCTATAATAGGAACTGCTATAAGAGTGTTAATTCGAATAGAATTAGGAAATCCTGGAAGATTGTTAGGTGATGATCATTTATATAATGTTATAGTTACTGCTCATGCTTTTGTAATAATTTTTTTTATAGTAATACCAATTCTTATTGGAGGTTTTGGAAATTGATTAGTTCCATTAATATTAGGAGCTCCAGATATATCATTTCCTCGAATAAATAATCTTTCTTTTTGATTATTACCTCCTTCTTTATTTTTATTATCTATATCTTCTATAGTAGAAATAGGGGTTGGTGCTGGGTGAACTGTTTATCCTCCTTTAGCATCTACAGTTGGTCATATAGGAAATTCAATGGATTTTGCTATTTTTTCTCTTCATTTGGCTGGGGCTTCTTCTATTATAGGGGCTGTGAATTTTATTTCTACTATTATTAATATACGAATATTGGGGATATCTTTTGAAAAGGTTCCTCTTTTTGTTTGATCAGTTTTAATTACAGCGGTATTGTTATTACTTTCTTTACCTGTTTTAGCAGGTGCTATTACTATATTATTAACGGATCGAAATTTTAATACTTCTTTTTTTGACCCTGCTGGTGGAGGGGATCCTATTTTATTTCAACATTTATTT
Euryopis,TTCTTTATATTTATTATTTGGTGGATGAGCTGCTATAGTGGGAACAGCTATAAGAGTATTAATTCGAATTGAGTTAGGTCAACCTGGAAGATTTTTAGGAGATGATCAATTATATAATGTTGTAGTAACAGCTCATGCATTTGTAATAATTTTTTTTATAGTAATACCTATTTTAATTGGAGGGTTTGGAAATTGGTTAGTTCCTTTAATATTAGGAGCTCCTGATATAGCTTTTCCTCGAATAAATAATTTAAGATTTTGATTGCTTCCTCCTTCTTTATTATTATTATTTATTTCTTCTATGGTTGAAATAGGAGTTGGTGCAGGATGAACTGTTTATCCTCCTTTATCATCTTTAGATGGACATTCTGGAAGTTCTGTAGATTTTGCTATTTTTTCTTTACATTTAGCTGGAGCTTCTTCAATTATAGGAGCTATTAATTTTATTTCTACTGTAATAAATATACGATCATATGGTATAAGATTTGAAAAAATTTCTTTATTTGTATGATCTGTAGTAATTACTGCTATTTTATTACTTTTATCATTACCAGTATTAGCTGGTGCTATTACTATATTATTAAGAGATCGAAATTTTAATACTTCATTTTTTGATCCTGCTGGAGGAGGAGATCCTATTTTGTTTCAACATTTATTT
Amaurobius,AACGTTATATTTAATTTTTGGTGCATGGTCTGCTATAGTTGGGATAGCTATAAGAGTTTTAATTCGGGTAGAATTAGGACAAACAGGAAGATTATTAGGAGATGATCATTTGTATAATGTGATTGTTACAGCTCATGCTTTTGTTATGATTTTTTTTATGGTTATACCTATTATGATTGGGGGATTTGGAAATTGAATGGTTCCATTAATATTAGGAGCTCCGGATATAGCTTTTCCTCGAATAAATAATTTAAGTTTTTGATTATTACCTCCTTCTTTATTTTTATTATTTATTTCTTCTATAGTAGAAATAGGAGTTGGAGCAGGATGAACAATTTATCCTCCTTTAGTTTCTTTAATTGGACATTCAGGAAGATCTGTAGATTTTGCTATTTTTTCTTTGCATTTAGCTGGAGCTTCTTCAATTATGGGAGCTGTTAATTTTATTTCAACTATTATTAATATACGGTTAATTGGAATGAGAATAGAAAAGATTCCTTTATTTGTTTGATCAATTTTTATTACTGTAATTTTATTATTATTATCATTACCTGTTTTAGCGGGTGCTATTACTATATTATTGATGGATCGAAATTTTAATACTTCTTTTTTTGATCCTGCTGGGGGTGGGGATCCTATTTTATTTCAACATTTATTT
Pardosa,AACTTTATATTTAATGTTTGGAGTTTGATCAGCTATAATAGGAACTGCTATAAGAGTATTAATTCGAATGGAATTAGGGAATCCTGGGAGATTGTTAGGTGATGATCATTTATATAATGTTATAGTTACTGCTCATGCTTTTGTGATAATTTTTTTTATAGTAATACCTATTCTTATTGGAGGTTTTGGAAATTGATTAGTTCCTTTAATATTAGGAGCTCCAGATATATCGTTTCCTCGAATAAATAATCTTTCTTTTTGATTGTTACCTCCTTCTTTGTTTTTATTATCTATATCTTCTATAGTAGAGATAGGAGTTGGTGCTGGATGAACTGTTTATCCTCCTTTAGCGTCTACAGTTGGACATATAGGAAGTTCAATAGATTTTGCTATTTTTTCTCTTCATTTAGCTGGGGCTTCTTCTATTATAGGGGCTGTAAATTTTATTTCTACTATTATTAATATACGAATATTAGGAATATCTATGGAAAAAATTCCTCTTTTTGTTTGGTCAGTTTTGATTACGGCAGTGTTATTATTACTTTCTTTACCTGTTTTAGCAGGTGCTATTACTATATTGTTAACGGATCGAAATTTTAATACTTCTTTTTTTG--------------------------------------------
Pardosa,ACTTTATATTTAATATTTGGAGTTTGATCAGCTATAATAGGAACTGCTATAAGAGTATTAATTCGAATAGAATTAGGAAATCCTGGAAGATTATTAGGAGATGATCATTTATATAATGTTATAGTTACTGCTCATGCTTTTGTAATGATTTTTTTTATAGTGATACCAATTCTTATTGGAGGTTTTGGAAATTGATTAGTTCCTTTAATATTAGGAGTTCCAGATATATCATTTCCTCGAATGAATAATCTTTCTTTTTGGCTTTTACCTCCTTCTTTATTTTTATTGTCTATGTCTTCTATAGTAGAAATAGGGGTTGGTGCTGGATGAACTGTTTATCCTCCTTTAGCGTCTACAGTTGGTCATATAGGAAATTCAATAGATTTTGCTATTTTTTCTCTTCATTTAGCTGGGGCTTCTTCTATTATAGGTGCTGTGAATTTTATTTCTACTATTATTAATATACGAATATTAGGAATATCTATAGAAAAAGTTCCTCTTTTTGTTTGATCTGTTTTAATTACAGCAGTGTTATTATTACTTTCTTTACCTGTTTTAGCAGGTGCTATTACTATATTATTAACGGATCGTAATTTTAATACTTCTTTTTTTGATCCTGCTGGTGGGGGGGATCCTATTTTATTTCAACATTTATTTT
Neon,ACTTTATATTTAATTTTTGGAGCTTGATCTGCTATAGTAGGTACAGCGATGAGAGTATTGATTCGAATAGAATTAGGACAAACTGGTCATTTTTTGGGTAATGACCATTTATATAATGTAATTGTTACTTCTCATGCTTTTATTATGATTTTTTTTATAGTAATACCTATTATAATTGGAGGATTTGGAAATTGGTTAGTTCCTTTAATGTTAGGGGCTCCTGATATAGCTTTTCCTCGAATAAATAATTTAAGATTTTGATTGTTACCCCCTTCTTTAGTATTATTATTTGTATCATCTATAGTGGAAATAGGAGTTGGTGCAGGATGAACTGTTTATCCGCCTTTGGCTTCTGTTATTGGCCATAGAGGAGCATCGGTTGATTTTGCTATTTTTTCTTTACATTTGGCTGGAGCTTCTTCTATTATGGGGGCTATTAATTTTATTTCTACTATTATTAATATACGTTCTGAAGGGATATTTTTAGATAAAATATCTTTGTTTGTGTGGTCGGTGATTATTACTGCTGTATTATTATTATTATCTTTACCTGTATTGGCAGGTGCTATTACTATATTGCTTACGGACCGTAATTTTAATACTTCTTTTTTTGATCCTGCTGGAGGAGGAGATCCAATTTTGTTTCAACATTTATTTT
Pardosa,AACTTTATATTTAATGTTTGGAGTTTGATCAGCTATAATAGGAACTGCTATAAGAGTATTAATTCGAATGGAATTAGGAAATCCTGGGAGATTATTGGGTGATGATCATTTATATAATGTTATAGTTACTGCTCATGCTTTTGTAATAATTTTTTTTATAGTAATACCTATTCTTATTGGAGGTTTTGGGAATTGATTAGTTCCTTTAATATTAGGAGCTCCAGATATATCATTTCCTCGAATAAATAATCTTTCTTTTTGGTTATTACCTCCTTCTTTGTTTTTATTATCTATATCTTCTATAGTAGAAATAGGAGTTGGTGCTGGATGAACTGTTTATCCTCCTTTAGCATCTACAGTTGGACATATAGGAAATTCAATAGATTTTGCTATTTTTTCTCTTCATTTAGCTGGGGCTTCTTCTATTATAGGGGCTGTGAATTTTATTTCTACTATTATTAATATACGGATATTGGGAATATCCATGGAGAAAGTTCCTCTTTTTGTTTGGTCAGTTTTGATTACAGCGGTATTATTATTACTTTCTTTACCTGTTTTAGCAGGTGCTATTACTATATTATTAACAGATCGAAATTTTAATACTTCTTTTTTTGATCCTGCTGGTGGGGGGGATCCTATTTTATTTCAACATTTATTT
Hogna,AACTTTATATTTAATATTTGGAGTATGATCAGCAATATTAGGAACTGCTATAAGTGTATTAATTCGAATAGAATTAGGAAATTCTGGAAGTTTATTAGGAGATGATCATTTATATAATGTTATAGTTACTGCACATGCTTTTGTTATGATTTTTTTTATAGTAATACCAATTCTTATTGGAGGATTTGGAAATTGATTAGTTCCTTTAATATTAGGTGCTCCTGATATGTCGTTTCCTCGAATAAATAATCTTTCTTTTTGATTATTACCACCTTCTTTATTTTTATTATCTATATCTTCTATAGTGGAAATGGGAGTTGGAGCTGGATGAACTGTGTATCCACCTTTAGCATCAAGTATAGGACATACAGGAAGTTCTATGGATTTTGCTATTTTTTCTCTTCATTTGGCTGGAGCTTCTTCAATTATAGGAGCAGTTAATTTTATTTCTACTATTATTAATATACGTATATTAGGAATATCTATAGAAAAGGTTCCATTATTTGTATGATCGGTATTAATTACTGCTGTATTATTATTATTGTCTTTACCTGTTTTAGCAGGAGCTATTACTATATTATTAACAGATCGAAATTTTAATACATCTTTTTTTGATCCGGCAGGAGGAGGAGATCCTATTTTGTTTCAACATTTATTT
Pardosa,AACTTTATATTTAATGTTTGGAGTTTGATCAGCTATAATAGGAACTGCTATAAGAGTATTAATTCGAATGGAATTAGGAAATCCTGGGAGATTATTGGGTGATGATCATTTATATAATGTTATAGTTACTGCTCATGCTTTTGTAATAATTTTTTTTATAGTAATACCTATTCTTATTGGAGGTTTTGGGAATTGATTAGTTCCTTTAATATTAGGAGCTCCAGATATATCATTTCCTCGAATAAATAATCTTTCTTTTTGGTTATTACCTCCTTCTTTGTTTTTATTATCTATATCTTCTATAGTAGAAATAGGAGTTGGTGCTGGATGAACTGTTTATCCTCCTTTAGCATCTACAGTTGGACATATAGGAAATTCAATAGATTTTGCTATTTTTTCTCTTCATTTAGCTGGGGCTTCTTCTATTATAGGGGCTGTGAATTTTATTTCTACTATTATTAATATACGGATATTGGGAATATCCATGGAGAAAGTTCCTCTTTTTGTTTGGTCAGTTTTGATTACAGCGGTATTATTATTACTTTCTTTACCTGTTTTAGCAGGTGCTATTACTATATTATTAACAGATCGAAATTTTAATACTTCTTTTTTTGATCCTGCTGGTGGGGGGGATCCTATTTTATTTCAACATTTATTT
Neoscona,TACATTATACTTAATTTTTGGTGCATGGGCTGCTATAATAGGAACAGCTATGAGAGTATTAATTCGAATTGAGTTAGGTCAACCTGGAAGATTTATGGGTGATGATCAATTATATAATGTAATTGTAACTGCTCATGCTTTTGTTATGATTTTTTTTATAGTTATGCCTATTTTAATTGGGGGTTTCGGTAATTGATTGGTTCCATTAATATTAGGGGCTCCTGATATAGCTTTTCCTCGAATAAATAATCTTAGATTTTGATTATTACCCCCCTCATTATTTTTATTAGTAATTTCATCAATGGTAGAAATAGGAGTTGGGGCAGGATGAACAGTATACCCCCCGTTGGCGGGTTTGGAGGGTCATGCTGGTAGATCTGTTGATTTTGCTATTTTTTCTTTGCATTTGGCTGGGGCTTCTTCAATTATGGGAGCTATTAATTTTATTTCTACTATTATTAATATACGATTTTATGGAATAACCATAGAAAAGGTTCCTCTATTTGTATGATCTGTATTAATTACAGCAGTATTATTATTATTGTCATTGCCAGTCTTAGCTGGGGCTATTACTATATTGTTAACTGATCGAAATTTTAATACTTCTTTTTTTGATCCATCAGGGGGTGGGGATCCAATTTTATTTCAACATTTATTC
Lyssomanes,--------ATTTAGTATTTGGAGCTTGATCTGCTATAGTTGGAACAGCTATAAGAGTATTAATTCGGATAGAATTAGGTCAAGTTGGTAGATTTTTAGGTGATGATCAAATTTATAATGTTATTGTAACTGCACATGCATTTGTTATGATTTTTTTTATAGTAATACCTATATTAATTGGAGGATTTGGTAATTGATTAGTTCCTTTAATATTAGGAGCACCAGATATGGCATTTCCTCGAATAAATAATTTAAGTTTTTGATTATTACCTCCTTCATTAATATTATTATTTATTTCTTCTATAGTTGAAATAGGAGTGGGTACTGGATGAACTGTTTATCCTCCTTTATCTTCTATTTCTGGTCATGGGGGTAGTGCTGTGGATTTTGCTATTTTTTCTTTACATTTAGCTGGAGCTTCTTCTATTATAGGAGCAATTAATTTTATTTGTACTGTTATTAATATACGTTCAATTAGAATATCTTTAGATAAAATTCCTTTATTTGTATGATCGGTTGTAATT---------------------------------------------------------------------------------------------------------------------------------------
Haplodrassus,TACTTTATATTTACTTTTTGGATCTTGAGCTGCTATAGTAGGAACTGCAATAAGAGTATTAATTCGGATGGAATTAGGACAATCAGGAAGATTTATTGGGGATGATCATTTATATAATGTAATTGTTACTGCTCATGCATTTGTTATAATTTTTTTTATAGTAATACCTATTATAATTGGTGGTTTTGGTAATTGGTTAGTTCCTTTAATGTTAGGAGCCCCAGATATAGCTTTTCCTCGAATAAATAATTTAAGTTTTTGATTATTACCCCCATCTTTAGTTTTATTATTTGTTTCTTCTATAGTTGAAATGGGAGTTGGAGCTGGGTGAACTGTATATCCACCTTTAGCTTCTTCTATAGGACATAGTGGTAGAGCTATGGATTTTGCTATTTTTTCTTTACATTTGGCTGGTGCTTCTTCTATTATAGGGGCTATTAATTTTATTTCTACTGTAATTAATATGCGTTCTTTAGGAATAAGTATAGAGAAAGTACCTTTATTTGTTTGATCTGTCTTTATTACAGCGGTATTATTATTATTATCCTTACCTGTATTGGCAGGAGCTATTACTATATTATTGACGGATCGTAATTTTAATACTTCTTTTTTTGACCCAGCTGGGGGAGGAGATCCTATTTTATTTCAACATTTATTT
Pellenes,AACATTATATTTAATTTTTGGGGTTTGGGCTGCAATAGTAGGAACTGCTATAAGAATATTGATTCGAATGGAATTAGGTCAGGTTGGTAGATTTTTAGGTAATGATCATTTGTATAATGTTATTGTTACAGCTCATGCTTTTGTAATAATTTTTTTTATAGTAATACCTATTTTAATTGGTGGTTTTGGAAATTGATTGGTTCCTTTAATGTTAGGAGCTCCTGATATAGCTTTTCCTCGAATAAATAATTTAAGTTTTTGATTATTACCTCCTTCTTTAATATTATTATTTATTTCTTCAATAGTGGAAATAGGAGTTGGGGCTGGGTGAACAGTTTATCCTCCGTTGGCTTCTGTAGTAGGACATGGTGAGAGATCTGTAGATTTTGCTATTTTTTCTCTTCATTTAGCTGGTGCTTCATCAATTATAGGAGCTGTTAATTTTATTTCTACTGTTATTAATATACGTTCTTTTGGTATAACTATGGATAAAGTTCCTTTATTTGTTTGATCTGTAATAATTACGGCTGTTTTATTATTATTATCTCTTCCTGTTTTAGCAGGAGCTATTACTATATTATTAACTGATCGAAATTTTAATACATCTTTTTTTGATCCTGCAGGAGGGGGAGATCCAATTTTATTTCAACATTTATTT
Ceraticelus,AAGTTTGTATTTTGTTTTTGGGGCTTGGGCTGCTATAGTAGGAACGGCTATAAGTGTATTGATTCGTATTGAGCTAGGGCAAACTGGTAGATTGTTAGGGGATGATCAATTATATAATGTTATTGTTACGGCGCATGCTTTTGTTATAATTTTTTTTATAGTAATACCTATTTTAATTGGAGGATTTGGAAATTGGTTAGTTCCTTTAATGTTAGGAGCTCCTGATATAGCATTTCCTCGTATGAATAACTTAAGATTTTGATTATTACCCCCTTCTTTATTTCTATTATTTATTTCTAGAATGGATGAAATGGGAGTAGGAGCAGGATGAACTGTTTATCCCCCTCTAGCCTCTTTAGAAGGGCACTCTGGTAGTTCAGTGGATTTTGCTATTTTTTCTTTGCATTTGGCTGGGGCTTCATCAATTATAGGGGCTATCAATTTTATTTCTACTATTTTAAATATACGAGGATATGGGATAGGGATAGAAAAGGTCCCTTTATTTGTTTGGTCAGTCTTAATTACAGCTGTATTATTACTTTTATCTTTACCTGTTTTGGCTGGGGCTATTACTATGCTTTTAACAGATCGAAATTTTAATACATCATTTTTCGACCCATCAGGGGGGGGGGACCCAGTTTTATTTCAACATTTATTT
Agalenatea,AACATTATATTTAGTATTTGGTGCTTGAGCTGCTATAGTTGGTACGGCTATAAGAGTATTGATTCGAATTGAATTAGGTCAACCAGGAAGATTTATTGGTGATGATCAATTATATAATGTAATTGTAACGGCACATGCGTTTGTGATAATTTTTTTTATAGTCATACCAATTTTAATTGGTGGTTTTGGAAATTGATTGGTACCATTGATATTAGGTGCACCAGATATGGCTTTTCCTCGAATGAATAATTTAAGATTTTGATTATTACCCCCATCGTTGTTTCTTTTAATTATTTCTTCAATAGTAGAAATAGGAGTAGGTGCTGGGTGAACTGTATATCCACCATTAGCTAGATTAGAAGGACATGCTGGAAGTTCAGTAGATTTTGCAATTTTTTCTTTACATTTAGCAGGTGCTTCATCTATTATAGGAGCCATTAATTTTATTTCAACAATTATTAATATACGATTTTATGGAATAACTATGGAGAAGGTTCCTTTGTTTGTATGATCGGTATTAATTACTGCCGTTCTATTACTATTATCTTTACCAGTATTGGCAGGTGCTATTACTATATTATTAACTGATCGAAATTTTAATACATCATTTTTTGATCCTTCTGGGGGTGGTGATCCTATTTTATTTCAGCATTTATTT
Drassodes,AACGTTATATTTTTTATTTGGATTATGAGCTTCAATGGTAGGTACAGCTATAAGAGTAGTAATTCGTATAGAGTTAGGTCAGTCTGGTAGATTATTGGGAGATGATCATTTATATAATGTAATTGTTACGGCTCATGCTTTTGTTATAATTTTTTTTATAGTAATACCTATTTTGATTGGAGGTTTTGGAAATTGATTAGTTCCTTTAATATTAGGTGCTCCTGATATAGCTTTCCCACGTATAAATAATTTGAGATTTTGATTATTACCTCCTTCATTAGTTTTATTATTTATTTCTTCTATAGCTGAAATAGGAGTAGGGGCTGGTTGAACGGTTTATCCACCATTAGCTTCTAATATTGGACATGCTGGAAGTGCTATGGATTTTGCTATTTTTTCATTACACTTAGCTGGAGCTTCTTCTATTATAGGAGCTGTAAATTTTATTTCTACTATTGTAAATATACGGATATTAGGAATAAGAATGGAAAAGGTTTCGTTATTTGTATGGTCTGTACTAATTACTGCTGTTTTATTATTATTATCTTTACCGGTTTTGGCTGGTGCTATTACAATATTGTTAACTGATCGTAATTTTAATACTTCGTTTTTTGATCCAGCAGGAGGAGGTGATCCTATTTTGTTTCAACATTTATTT
Parasteatoda,GACTTTATATTTAATTTTTGGAGCTTGGGCTGCAATAGTGGGAACAGCAATAAGAGTATTAATTCGAATTGAGTTAGGTCAAACAGGTAGATTTATGGGTGATGATCAATTATATAATGTAATTGTAACGGCTCATGCTTTTGTAATAATTTTTTTTATAGTAATACCAATTTTAATTGGAGGGTTTGGAAATTGATTAGTTCCATTAATATTAGGGGCACCTGACATAGCATTTCCTCGAATAAATAATTTGAGATTTTGATTATTACCCCCTTCTTTATTATTATTATTTATTTCGTCTATAGTAGAAATAGGAGTAGGAGCTGGGTGAACTGTATATCCACCTCTATCATCTTTAGATGGTCACGGTGGTAGATCAGTAGATTTTGCAATTTTTTCTTTGCATTTAGCTGGGGCTTCTTCTATTATAGGTGCGGTAAATTTTATTTCTACTGTACTCAATATGCGATCTTATGGGATGAGAATAGAAAAAGTTCCTTTATTTGTATGATCAGTTCTAATTACTGCTGTGCTATTATTATTATCATTACCAGTATTAGCAGGTGCTATTACTATATTATTAACTGATCGAAATTTTAATACTTCATTTTTTGATCCTGCAGGAGGAGGTGATCCTATTTTGTTTCAGCATTTATTC
Bassaniana,GACTTTATATTTATTATTTGGTGCTTGGTCAGCAATGGTTGGAACTGCGATAAGAGTTTTAATTCGAGTGGAATTAGGAAATGTAGGAAGATTATTAGGTAATGATCATTTATATAATGTAATTGTTACGGCACATGCTTTTGTAATAATTTTTTTTATAGTAATACCAATTTTGATTGGTGGTTTTGGAAATTGATTAGTACCTTTAATATTAGGTGCTCCTGATATGTCTTTTCCTCGTATAAATAATTTATCTTTTTGACTTCTTCCACCTTCATTATTTTTATTATTTATATCTTCTTTAATGGAAATAGGAGTGGGAGCCGGATGAACTGTTTATCCGCCTTTAGCATCAAGAGTTGGTCATATAGGAAGTTCAATGGATTTTGCTATTTTTTCTCTTCATTTAGCTGGTGCTTCTTCTATTATGGGAGCTGTAAATTTTATTTCTACTATTATAAATATACGAGTTGTTGGAATAAGAATGGAAAAGGTTCCTTTATTTGTTTGATCTGTATTTATTACTGCTATTTTACTTCTTTTATCTTTACCTGTATTAGCTGGGGCTATTACTATATTATTAACAGATCGGAATTTTAATACTTCTTTTTTTGATCCTGCAGGAGGTGGAGA-------------------------
Islandiana,AAGTTTGTATTTTATTTTTGGGGCTTGGGCTGCTATAGTAGGAACAGCAATGAGTGTATTAATTCGAATTGAGTTAGGACAAATTGGAAGATTATTAGGAGATGATCAATTGTATAATGTAATTGTTACGGCGCATGCTTTTGTTATAATTTTTTTTATAGTTATACCTATTTTGATTGGAGGTTTTGGAAATTGGTTAATTCCTTTAATGTTAGGGGCGCCTGATATAGCATTTCCTCGTATAAATAATTTAAGATTTTGATTATTACCCCCTTCTTTATTAATATTATTTATTTCTAGAATAGATGAAATAGGGGTTGGAGCAGGATGAACTGTGTATCCTCCTCTTGCTTCTTTGGAGGGGCATCCAGGAAGTTCTGTGGATTTTGCTATTTTTTCTTTGCATTTAGCTGGGGCATCCTCGATTATAGGGGCTATTAACTTCATCTCTACTATTTTAAATATACGTGGGTATGGGATAACAATAGAAAAGGTTCCTTTATTTGTGTGATCTGTTTTAATTACAGCTGTGTTACTATTATTATCTTTACCTGTGTTAGCAGGGGCTATTACTATACTTCTAACTGATCGAAATTTTAATACTTCTTTTTTTGACCCGTCTGGGGGGGGGGATCCAGTTTTATTTCATCATTTATTT
Cicurina,AATTTTGTATTTAATTTTTGGAGCTTGATCTGCTATAGTAGGAACAGCTATAAGAGTATTAATTCGTATTGAGTTGGGACAACCGGGAAGATTATTAGGAGATGATCATTTATATAATGTAGTAGTTACTGCTCATGCTTTTGTTATGATTTTTTTTATAGTGATACCAATTTTGATTGGTGGTTTCGGGAATTGATTAGTGCCTTTAATGTTAGGGGCTCCAGATATAGCATTTCCTCGAATGAATAATCTAAGATTTTGACTTTTACCCCCTTCTTTATTTTTATTATTTATTTCTTCTATAGCTGAAATAGGTGTAGGGGCTGGTTGAACTATTTATCCACCTCTGGCTTCCAGAATAGGACATTCTGGAAGCTCTGTGGATTTTGCTATTTTTTCTTTACATTTAGCTGGTGCTTCTTCAATTATAGGTGCTATTAATTTTATTTCTACTATTATTAACATACGTTCTTACGGGATAAGTATAGAAAAAGTTCCTTTGTTTGTTTGGTCTGTTTTAATTACGGCTGTGTTATTATTATTATCTTTACCTGTTTTAGCGGGTGCTATCACTATATTATTAACTGATCGAAATTTTAATACTTCTTTTTTCGATCCAGCTGGAGGAGGGGATCCTATTTTATTTCAACATTTGTTT
Sittisax,TACGTTATATTTAGTTTTTGGAGCTTGGTCTGCTATAGTTGGTACGGCTATAAGAGTTTTAATTCGTATAGAATTAGGTCAAACTGGTCATTTTTTAGGAAATGATCATTTGTATAATGTAATTGTTACTGCACATGCATTTGTTATAATTTTTTTTATAGTAATACCTATTTTGATTGGAGGTTTTGGTAATTGATTAGTCCCTCTAATGTTAGGAGCTCCGGATATAGCTTTTCCTCGTATAAATAATTTAAGTTTTTGATTATTACCTCCTTCATTATTTTTATTATTTATTTCATCTATAGCTGAGATAGGAGTAGGGGCAGGGTGAACTGTTTATCCTCCATTAGCTTCTATTGTAGGTCATAATGGAAGTTCGGTAGATTTTGCTATTTTTTCTCTTCATTTGGCTGGGGCTTCATCAATTATAGGTGCTATTAATTTTATTTCAACTGTTATTAATATACGATCGGTGGGTATATCAATAGATAAGATTCCATTGTTTGTTTGGTCTGTTGTAATTACTGCTGTATTATTGTTATTGTCTTTGCCTGTTTTAGCGGGTGCAATTACTATGCTATTGACTGATCGAAATTTTAATACGTCTTTTTTTGATCCTGCTGGAGGAGGGGATCCAATTTTATTTCAACATTTATTT
Hypselistes,AAGTTTATATTTTGTTTTTGGTGCTTGGGCTGCTATAGTAGGGACAGCAATAAGAGTATTAATTCGAATTGAGTTAGGTCAAATTGGGAGATTATTAGGAGATGATCAATTGTATAATGTAATTGTTACTGCTCATGCTTTTGTTATAATTTTTTTTATAGTTATACCTATTTTAATTGGAGGGTTTGGAAATTGATTAGTTCCTTTAATATTGGGTGCACCTGATATAGCTTTTCCTCGTATAAATAATTTGAGATTTTGATTGTTACCTCCATCTTTATTATTATTATTTATTTCTAGTATAGATGAGATAGGAGTAGGGGCAGGTTGGACGGTTTATCCTCCTCTTGCTTCTTTAGAAGGACATTCTGGTAGATCTGTAGATTTTGCTATTTTTTCTTTACATTTAGCTGGAGCATCCTCTATTATAGGAGCTATTAATTTTATTTCTACAATTTTTAATATACGAGGGTATGGGATAACTATAGAAAAGGTCCCTTTATTTGTTTGGTCTGTTTTGATTACAGCTATTTTATTATTATTGTCTTTACCTGTTTTGGCAGGTGCTATTACTATGCTATTAACAGATCGAAATTTTAATACATCTTTTTTTGATCCATCTGGGGGTGGTGATCCTGTTTTATTTCAACATTTGTTT
Cicurina,AATTTTATATTTGATTTTTGGAGCTTGATCGGCTATAGTAGGCACAGCTATAAGAGTTTTAATTCGAATTGAATTAGGACAACCTGGAAGATTATTAGGGGATGATCATTTGTATAATGTAGTAGTGACTGCTCATGCTTTTGTTATAATTTTTTTTATAGTAATACCTATTTTAATTGGAGGTTTTGGAAATTGATTAGTTCCTTTAATATTAGGAGCTCCTGATATAGCTTTTCCTCGAATAAATAATTTAAGATTTTGACTTCTTCCTCCTTCTTTATTATTGTTATTTATTTCTTCTATAGTAGAAATAGGTGTAGGTGCTGGGTGAACTGTTTATCCTCCTTTAGCTTCTAGAATAGGTCATGCTGGTAGTTCTGTTGATTTTGCTATTTTTTCTCTTCATTTGGCTGGAGCTTCTTCAATTATAGGTGCTGTAAATTTTATTTCTACAATTATTAATATACGTTCTTATGGTATAAGTATAGAAAAAGTTCCTTTATTTGTTTGATCAGTATTAATTACAGCTGTGCTTTTATTATTATCTTTACCTGTATTGGCTGGTGCTATTACTATATTATTAACTGATCGAAATTTTAATACTTCTTTTTTTGATCCTGCTGGTGGTGGAGATCCTATTTTATTTCAACATTTATTT
Chilobrachys,AACTTTGTATTTTATTTTGGTTGTGTGGTCAGCTATGGTTGGGACGGCTATGAGAGTGATTATTCGTACTGAGTTGGGACAGGTTGGTAGATTGTTAGGTGATGATCATTTGTATAATGTGATCGTTACAGCTCACGCTTTGGTGATGATTTTTTTTATGGTGATGCCAATTTTGATTGGCGGGTTTGGAAATTGGATGTTACCTTTGATATTAGGGGCTCCTGATATGGCTTTTCCTCGGATGAATAATTTGAGATTTTGGTTGTTGCCCCCTTCTTTGTTTTTGTTGGTGTTGTCTTCTTTGACTGATGTAGGGGTTGGGGCGGGGTGAACAATTTATCCTCCTTTGTCCTCTTTTATTGGGCATTCTGGGGGTGGGATGGATTTTGCTATTTTTTCTCTTCATCTTGCGGGGGCATCTTCGATTATGGGGTCTATTAATTTTATTACGACTGTAATTAATATGCGGACCAGTGGGATGAGAATAGAACGGGTTCCTTTATTTGTTTGGTCAGTGGTAATTACTACTGTTTTATTATTATTGTCTTTGCCTGTGTTAGCTGGGGCTATTACTATATTGTTAACCGATCGAAATTTTAATACGTCTTTCTTTGATCCTGCTGGTGGGGGGGACCCGATTTTATTTCAGCATTTGTTC
Xerolycosa,AACTTTATATTTAATATTTGGGGTATGATCAGCTATAGCTGGAACTGCTATAAGAGTATTGATTCGAATAGAATTAGGGAATTCTGGTAGTTTATTAGGTGATGATCATTTATATAATGTTGTTGTAACTGCTCATGCTTTTGTGATAATTTTTTTTATGGTAATGCCTATTTTAATTGGTGGGTTTGGAAATTGATTAGTTCCTTTAATATTAGGAGCTCCTGATATATCATTTCCTCGAATAAATAATCTTTCTTTTTGATTGTTACCTCCTTCTTTATTTTTATTATTTATATCTTCTATAGTAGAAATGGGAGTTGGAGCTGGATGAACAATTTATCCTCCTTTGGCTTCTAGAGTTGGACATATAGGAAGTTCTATAGATTTTGCTATTTTTTCTCTTCATTTAGCTGGAGCTTCTTCTATTATAGGGGCAGTAAATTTTATTTCTACTATTATTAATATACGTTTAGTTGGAATAACAATAGAAAAAGTACCTTTATTTGTATGATCTGTATTAATTACCGCTATTTTATTATTATTGTCATTACCTGTTTTAGCAGGGGCTATTACTATATTATTGACTGATCGTAATTTTAATACTTCTTTTTTTGATCCTGCTGGAGGAGGAGATCCAATTTTATTTCAACATTTGTTT
Mansuphantes,TACATTATATTTTATTTTTGGGGCTTGAGCTGCTATAGTGGGAACTGCTATAAGAGTATTGATTCGAATTGAGTTAGGACAAACAGGAAGAATATTAGGGGATGATCAGTTGTATAATGTGATTGTTACTGCACATGCTTTTGTAATAATTTTTTTTATGGTTATACCAATTTTAATTGGAGGATTTGGAAATTGGTTAGTTCCGTTAATATTAGGAGCTCCTGATATAGCTTTCCCCCGTATAAATAATTTAAGATTTTGATTGTTACCTCCTTCATTGTTGTTGTTATTTATCTCCAGTATAGTAGAAATAGGTGTTGGGGCTGGGTGAACAGTTTATCCCCCTCTTGCTTCTTTAGAAGGGCATGCAGGAAGATCTGTAGATTTTGCAATTTTTTCTTTACATTTGGCTGGAGCTTCTTCAATTATGGGAGCTATCAATTTTATTTCTACTATTATTAACATGCGAGGGTATGGGGTATCTATAGAAAAAGTTCCATTATTTGTTTGATCTGTCTTAATTACAGCTGTATTATTATTATTGTCTTTGCCTGTATTAGCAGGGGCTATTACTATGTTGTTAACTGATCGAAATTTTAATACGTCCTTTTTTGATCCAGCTGGAGGGGGGGATCCTGTTTTATTTCAACATCTGTTT
Metazygia,AACTTTATATTTAATTTTTGGTGCTTGAGCTGCCATAGTTGGAACTGCTATAAGAGTATTAATTCGGGTAGAATTAGGTCAACCTGGAAGGTTTATGGGTGATGATCAATTATATAATGTTATTGTAACCGCTCATGCTTTTGTGATAATTTTTTTTATAGTTATACCAATTTTAATTGGGGGATTTGGTAATTGACTTGTACCATTAATGTTAGGGGCTCCGGATATAGCTTTTCCTCGAATAAATAATTTGAGATTTTGATTACTTCCTCCTTCATTATTTATATTAATTATCTCTTCGATGGTAGAAATGGGTGTTGGGGCAGGATGAACTGTGTATCCTCCTTTATCTAGTCTTGAAGGTCATGCTGGAAGATCAGTAGATTTTGCAATTTTTTCTTTACATTTGGCGGGGGCTTCTTCTATTATAGGGGCTATCAATTTTATTTCAACTATTATTAATATGCGATTTTATGGCATGACTATAGAGAAGGTTCCTTTATTTGTATGATCAGTGTTGATTACGGCTGTATTATTATTATTATCTCTTCCTGTATTGGCTGGGGCAATTACTATATTGTTAACTGATCGAAATTTTAATACTTCTTTTTTTGATCCCTCTGGGGGAGGGGATCCTATTCTTTTTCAACACTTGTTT
Ceraticelus,AAGTTTATATTTTATTTTTGGAGCTTGGGCTGCTATAGTGGGAACAGCTATAAGTGTATTGATTCGTATTGAGTTAGGGCAAACTGGAAGATTGTTAGGGGATGATCAGTTATATAATGTAATTGTTACAGCGCATGCTTTTGTTATAATTTTTTTTATAGTAATACCTATTTTAATTGGAGGATTTGGAAATTGGCTAGTTCCTTTAATGTTAGGGGCTCCTGATATAGCGTTTCCTCGTATGAATAATTTAAGATTTTGATTATTACCCCCTTCTTTATTATTATTATTTATTTCTAGAATGGATGAAATAGGAGTAGGGGCAGGATGAACTGTTTATCCTCCTCTTGCTTCTTTAGAGGGACATTCTGGTAGATCAGTAGATTTTGCTATTTTTTCTTTGCATTTGGCTGGGGCTTCGTCAATCATAGGAGCTATTAATTTTATTTCTACTATTTTAAATATGCGAGGGTCCGGAATAGGGATAGAAAGGGTTCCTTTATTTGTTTGGTCGGTTTTAATTACAGCTGTATTATTACTTTTATCATT-------------------------------------------------------------------------------------------------------------
Latrodectus,AACTTTGTATTTGATTTTTGGGGCTTGGGCTGCTATAGTGGGTACAGCTATAAGAGTTTTAATTCGTACTGAATTAGGGCAGCCAGGAAGTTTATTGGGTGATGACCAGTTATATAATGTTATTGTGACTGGTCATGCTTTTGTTATGATTTTTTTTATGGTTATGCCAATTTTAATTGGGGGGTTTGGAAATTGGTTAGTTCCTTTGATATTAGGAGCACCAGATATGGCTTTTCCTCGAATAAATAATTTGAGATTTTGATTATTGCCTTCATCTTTAATTTTATTATTTATCTCTTCTTTGGAAGAAGTTGGGGTTGGAGCTGGGTGAACAATTTACCCTCCTTTGTCTAGATTAGAGGGACATAGAGGAAGTTCTGTGGATTTTGCTATTTTTTCTTTGCATTTGGCGGGTGCTTCATCTATTATAGGGGCTATTAATTTTATTTCGACAATTATAAATATACGTTTGGCGGGTATATCTATGGAAAAGGTTAGATTATTCGTATGGTCTGTATTGATTACAGCGGTGTTGTTATTACTGTCATTGCCTGTGTTAGCAGGAGCTATTACTATGCTTTTAACTGACCGTAATTTTAATACTTCTTTTTTTGATCCTGCAGGGGGAGGTGATCCTATTTTGTTTCA----------
Neoscona,AACTTTATATTTAGTCTTTGGTGCTTGGGCTGCTATAGTAGGAACAGCTATAAGAGTATTGATTCGAATTGAATTAGGTCAACCAGGAAGGTTTATTGGAGATGATCAGCTTTATAATGTAATTGTTACAGCTCACGCTTTTGTAATAATTTTCTTTATAGTTATACCAATTTTGATTGGAGGATTTGGTAATTGATTAGTACCTCTAATATTGGGGGCTCCTGATATGGCTTTTCCTCGAATAAATAATTTGAGATTTTGATTATTGCCCCCTTCGTTATTTTTATTAATTATTTCATCAATAGTAGAAATGGGTGTTGGTGCTGGGTGAACAGTATATCCTCCTTTAGCTGGATTAGAGGGTCATGCTGGAAGATCAGTTGATTTTGCTATTTTTTCTTTACATTTAGCTGGGGCTTCATCTATTATAGGGGCTATTAATTTTATTTCTACAATTATTAATATACGATTTTATGGGATAACTATAGAAAAGGTTCCTTTATTTGTATGATCAGTTTTAATTACTGCTGTTTTATTATTATTATCATTACCTGTATTAGCGGGTGCTATTACAATATTATTAACAGATCGAAATTTTAATACTTCGTTTTTTGATCCATCTGGGGGTGGTGATCCAATTTTATTTCAACATTTATTT
Rabidosa,AACTTTATATTTGATATTTGGTGTGTGGTCTGCAATAATGGGTACTGCAATAAGAGTATTAATTCGAATGGAATTAGGAAATCCTGGGAGTTTATTAGGAGATGATCATTTATATAATGTGATGGTTACTGCTCATGCTTTTGTTATGATTTTTTTTATGGTAATGCCAATTTTAATTGGTGGTTTTGGTAATTGATTGGTTCCTTTGATGTTAGGGGCTCCTGATATATCATTTCCTCGAATAAATAATCTTTCTTTTTGATTATTACCTCCTTCTTTGTTTTTATTATCTATGTCTTCTATGGTAGAAATAGGTGTTGGAGCTGGTTGAACTGTTTATCCTCCTTTGGCTTCTAGAGTGGGACATATAGGAAGTTCTATGGATTTTGCTATTTTCTCTCTTCATTTGGCTGGGGCTTCTTCTATTATAGGGGCGGTGAATTTTATTTCTACTATTATTAATATACGTATATTAGGTATATCTATAGAAAAGGTTCCTTTGTTTGTTTGATCGGTATTAATTACTGCTGTTTTATTATTGCTTTCTTTACCTGTACTAGCAGGTGCTATTACTATATTGTTAACAGATCGAAACTTTAATACTTCTTTTTTTGATCCAGCAGGTGGGGGAGATCCTATTTTGTTTCAACATTTATTT
Agelenopsis,AACTTTATATTTGATTTTTGGTGCTTGGTCCGCTATAGTGGGAACAGCAATAAGAGTTTTAATTCGGATTGAGTTAGGTCAACCTGGGAGATATCTAGGTGATGACCATCTTTATAATGTGATTGTAACTGCTCATGCTTTTGTTATAATTTTTTTTATAGTAATACCTATTTTAATTGGGGGTTTTGGAAATTGATTAGTGCCTTTGATATTAGGAGCTCCTGATATGGCGTTCCCTCGTATGAATAATTTAAGATTTTGATTATTACCTCCTTCTCTATTTTTATTATTTATTTCTTCTATAGCTGAAATAGGGGTAGGTGCTGGTTGGACAGTTTATCCCCCTCTAGCTTCTATTGCTGGTCATGCTGGAAGCTCGGTGGATTTTGCTATTTTTTCTTTACATTTAGCGGGAGCTTCTTCTATTATAGGGGCTATTAATTTTATTTCTACTATTTTTAATATACGTTCTTATGGGATGACCATAGAAAAAGTTCCTTTATTTGTTTGGTCGGTTTTAATTACTGCTGTTTTATTATTATTATCTTTGCCTGTATTGGCTGGGGCTATTACTATATTATTAACTGATCGAAATTTTAATACATCTTTTTTTGATCCGGCAGGAGGTGGGGATCCTATTTTATTTCAACATTTGTTT
Leucauge,AACTTTATATTTTATTTTTGGTGCTTGAGCTTCTATAGTGGGAACAGCTATAAGAGTATTAATTCGGATTGAATTGGGTCAATCCGGAAGATTTTTAGGAGATGATCAACTTTATAATGTTATTGTTACAGCTCATGCTTTTATTATAATTTTTTTTATAGTAATACCTATTTTAATTGGTGGATTTGGAAATTGATTGGTGCCCCTAATATTAGGGGCACCAGATATAGCTTTCCCTCGTATGAATAATTTAAGATTTTGACTTCTTCCCCCATCTCTTTTTTTACTATTTATTTCTTCAATAGTAGATATAGGGGTAGGGGCTGGATGAACTGTTTATCCTCCTTTAGCTTCCTTAGAAGGACATTCTGGAAGTTCTATAGATTTTGCTATTTTTTCTCTTCATTTAGCTGGGGCTTCTTCTATTATAGGAGCTATTAATTTTATTTCTACTATCTTTAATATACGAGTTAATGGAATGAGAATGGAAAAAGTTCCTTTATTTGTTTGATCTGTGCTGATTACTGCTGTGTTGTTATTGTTATCGCTTCCTGTTTTAGCTGGGGCTATTACTATATTATTAACGGATCGAAATTTTAATACCTCTTTTTTTGACCCTTCTGGGGGAGGGGATCCTGTTCTTTTTCAACATTTATTT
Scytodes,AAGTTTGTATTTATTATTTGGAGGGTGAGCTGTTATAATAGGGACTGCAATAAGTGTTATTATTCGAGTTGAGTTAGGTTCTGTAAGAAGATTGTTAGGAGATGATCATTTGTATAATGTTGTAGTTACTGCTCATGCTTTGGTAATAATTTTTTTTATAGTAATGCCTACTTTAATTGGGGGATTTGGAAATTGATTAGTGCCTTTAATATTAGGTGCTCCTGATATAGCTTTCCCTCGTATAAATAATTTAAGTTTTTGGTTATTACCATCTTCTTTATCTTTATTATTGATATCTTCTATAGTTGGTGCTGGAGTTGGGGCTGGGTGGACTATTTATCCTCCTTTAGCGAGTGATATAGGGCATTCTGGTTTGTCTATGGATTTAGCTATTTTTTCTTTGCATTTGGCAGGGGCCTCTTCTATTATAGGTGCAATTAATTTTATTACTACTATTATTAATATACGAAGAGCTGGAATAAGTTTTGATAAAGTTCCTTTATTTGTGTGATCTGTTTTAGTTACGGCTGTTTTGTTATTATTATCTCTTCCTGTGTTAGCTGGGGCTATTACCATATTGCTTGTTGATCGTAATTTTAATACTTCTTTTTTTG--------------------------------------------
Metazygia,GACATTATATTTGATTTTTGGAGCTTGGGCTGCTATAGTTGGGACTGCTATAAGAGTTTTGATTCGGGTCGAGCTTGGGCAACCTGGAAGGTTTATTGGGGATGATCAATTATATAATGTTATTGTTACTGCACATGCTTTTGTAATAATTTTCTTTATAGTGATACCTATTCTTATTGGTGGTTTTGGGAATTGGTTAGTACCTTTAATATTAGGGGCTCCTGATATAGCGTTTCCTCGAATAAATAATTTAAGATTTTGGTTACTCCCCCCTTCTTTATTTTTATTAATCATTTCTTCTATAGTGGAAATAGGTGTAGGTGCGGGATGGACAGTGTATCCTCCTTTATCAAGACTTGATGGACATGCCGGGAGATCTATAGATTTTGCTATTTTTTCTCTTCATTTAGCTGGGGCCTCTTCTATTATAGGGGCAATTAATTTTATTTCTACTATTATTAATATACGATTTTATGGGATAACTATGGAGAAAGTTCCTCTTTTTGTGTGGTCTGTTTTAATTACAGCAGTTTTATTATTATTATCTTTACCTGTTCTTGCAGGGGCTATTACTATATTATTAACTGATCGAAATTTTAATACTTCTTTTTTCGACCCTTCAGGAGGAGGAGATCCTATTCTTTTTCAGCATTTGTTT
Larinioides,AACTTTATATTTAATTTTTGGTGCTTGAGCTGCTATAGTTGGGACTGCTATAAGAGTATTAATTCGAGTTGAATTAGGCCAACCTGGAAGATTTATAGGAGATGATCAGTTATATAATGTTATTGTTACTGCTCATGCTTTTGTAATGATTTTTTTTATAGTTATACCTATTTTAATTGGAGGTTTTGGAAATTGATTAGTTCCTTTAATATTAGGAGCACCTGATATAGCTTTTCCTCGTATAAATAATTTAAGGTTTTGATTACTTCCACCATCATTATTTTTATTAATTGTTTCATCAATAGTAGAAATAGGAGTAGGAGCTGGATGAACTGTTTATCCACCTCTAGCTAGATTAGAAGGTCATGCTGGAAGGTCAGTTGATTTTGCTATTTTTTCATTACATTTAGCTGGGGCCTCATCAATTATAGGGGCTATTAATTTTATTTCAACAATTATTAATATACGTTTTTATGGAATAACTATAGAAAAGGTTCCTTTATTTGTTTGATCAGTATTGATTACTGCTGTATTATTACTTCTTTCATTACCAGTATTAGCTGGGGCTATTACAATATTATTAACGGATCGAAATTTTAATACTTCTTTTTTTGACCCTTCTGGAGGAGGTGATCCTATTTTATTTCAACATTTATTT
Philodromus,AACTTTATACTTAATTTTTGGTGCATGAGCAGCTATAGTTGGAACCGCAATAAGTGTTTTAATTCGAATAGAATTAGGGCAAGTAGGAAAATTTTTAGGTGATGATCATTTATATAATGTAATTGTAACTGCACACGCATTTGTTATAATCTTTTTTATAGTAATACCTATTTTAATTGGAGGATTTGGGAATTGATTAGTTCCTTTAATACTAGGGGCCCCAGATATAGCATTTCCTCGTATAAATAATTTAAGATTTTGATTACTCCCCCCTTCATTACTATTATTATTTATTTCTTCTATAGTAGAAATAGGAGTTGGGGCAGGTTGAACAGTATATCCTCCTTTAGCCTCAATTACAGGGCATGCAGGGAGTGCTGTTGATTTTGCTATTTTTTCATTACATTTAGCAGGAGCATCTTCTATTATAGGTTCTATTAATTTTATTTCTACTATTATTAATATACGGTCTATTGGGATAAAAATGGATAAAGTTCCTTTATTTGTTTGATCTGTTATAATTACTACGGTTTTACTACTTTTATCACTTCCTGTTTTAGCAGGAGCTATTACTATACTTTTAACAGATCGTAATTTTAATACTTCTTTTTTTGATCCTGCAGGGGGAGGAGATCCTATTTTATTTCAACATTTATTT
Plexippus,AACTTTATATTTAATTTTTGGAGCTTGAGCAGCTATAGTTGGAACAGCAATAAGAGTATTGATTCGAATAGAGTTAGGTCAAACGGGAAGTTTTTTAGGTAATGAACATTTATATAATGTAATTGTTACTGCTCATGCTTTTGTTATAATTTTTTTTATAGTAATACCTATTTTAATTGGAGGATTTGGAAATTGATTAGTTCCTTTAATATTAGGAGCTCCTGATATAGCTTTTCCTCGTATAAATAATTTAAGTTTTTGACTATTACCCCCTTCTTTAATGTTATTATTTATTTCTTCTATAGCTGAGATAGGAGTAGGTGCAGGTTGGACTGTTTATCCTCCTTTAGCATCAATTGTAGGTCATAATGGAAGATCTGTTGATTTTGCTATTTTTTCTTTACATTTAGCGGGTGCTTCATCGATTATAGGTGCTATTAATTTTATTTCTACGGTAATTAATATACGATCAGTAGGAATATCTATAGATAAGATTCCATTGTTTGTATGATCAGTAGTTATTACTGCTGTTTTATTATTATTATCTCTACCTGTTTTAGCAGGTGCTATTACTATATTGTTAACTGATCGAAATTTTAATACTTCTTTTTTTGATCCTGCAGGTGGTGGGGATCCTATTTTATTTCAACATTTATTT
Pityohyphantes,TACTTTATATTTTATTTTTGGGGCATGATCAGCTATAGTAGGAACGGCTATAAGAGTGTTAATTCGAATTGAGTTGGGACAAATTAGAAGAGTTTTAGGAAATGATCAACTTTATAATGTAATTGTTACTTCTCATGCTTTTGTAATAATTTTTTTTATAGTAATACCTATTTTAATTGGAGGGTTTGGAAATTGATTAGTTCCTTTAATATTAGGAGCTCCCGATATAGCATTTCCTCGAATAAATAATTTAAGTTTTTGATTACTTCCTCCTTCATTATTATTGTTATTTATTTCATCTATAGTAGAAATAGGAGTTGGGGCAGGTTGAACTGTTTATCCTCCTTTATCTTCATTAGAAGGACATTCTGGGGGATCTGTTGATTTTGCTATTTTTTCTTTACATTTAGCAGGGGCTTCTTCTATTATAGGGGCTATTAATTTTATTTCCACAATTTTAAATATACGAGCATATATAATTAGTATGGAAAAGGTGTCCTTATTTGTTTGATCTATTTTAATTACTGCTGTTCTTTTATTATTGTCTTTACCTGTTTTAGCTGGGGCTATTACTATACTATTAACTGATCGAAATTTTAATACATCATTTTTTGATCCTGCTGGAGGAGGG---------------------------
Walckenaeria,AAGTTTATATTTTATTTTTGGGGCTTGGGCTGCTATAGTAGGGACAGCAATGAGAGTGTTAATTCGAATTGAGTTAGGGCAAGTTGGTAGTTTATTAGGAGATGATCAGTTATATAATGTTATTGTTACTGCTCATGCTTTTGTTATAATTTTTTTTATAGTGATACCTATTTTAATTGGAGGGTTTGGAAACTGGTTGGTTCCTTTGATGTTAGGGGCTCCGGATATAGCTTTTCCTCGAATAAATAATTTAAGATTTTGGCTGTTACCCCCTTCTTTATTATTATTGTTTATTTCTAGTATGGATGAGATGGGTGTAGGGGCAGGATGAACTGTATACCCTCCTCTTGCTTCTTTAGAAGGACATTCTGGTAGTTCAGTAGACTTTGCTATTTTTTCTTTACATTTAGCTGGTGCATCATCAATTATGGGGGCAATTAATTTTATTTCGACTATTTTTAATATGCGTGGATATGGGATAACTATAGAAAAGGTGCCTTTATTTGTTTGATCTGTTTTAATTACGGCTGTTCTATTATTGTTATCTTTGCCTGTTTTAGCAGGAGCTATTACTATGCTTTTGACTGATCGAAATTTTAATACATCATTTTTTGACCCAGCCGGGGGGGGGGATCCTGTTTTATTTCAACATTTATTT
Zelotes,ACTTTATATTTATTATTTGGTTCATGGGCTGCTATAGTAGGGACTGCTATAAGAGTATTAATTCGTATAGAATTAGGTCAATCTGGAAGATTTATAGGTGATGATCATTTATATAATGTTATTGTAACTGCTCACGCATTTGTTATGATTTTTTTTATAGTTATGCCTATTTTAATTGGTGGGTTTGGAAATTGATTAGTTCCTTTGATACTGGGGGCTCCAGATATAGCATTTCCTCGCATGAATAATTTAAGTTTTTGACTATTACCTCCTTCATTAATACTATTATTTATTTCGTCTATGGTAGAAATAGGAGTAGGTGCTGGTTGAACTGTATATCCGCCTTTAGCTTCTAATATAGGTCATTCGGGAAGAGCTATGGATTTTGCTATTTTTTCTTTGCATTTAGCGGGTGCTTCGTCTATTATAGGAGCAATTAATTTTATTTCTACTGTAATTAATATGCGTTCTATTGGAATAAGTATGGAGAAGGTTCCTTTGTTTGTATGATCAGTATTTATTACTGCGGTACTATTATTATTATCTTTACCTGTATTAGCAGGTGCTATTACTATACTATTAACTGATCGTAATTTTAATACTTCGTTTTTTGATCCTGCTGGAGGAGGGGATCCTATTTTATTTCAACATTTATTCT
Tetragnatha,TAGATTATATTTTGTTTTTGGAGTTTGATCTGCTATAGTAGGAACTGCTATAAGAGTATTAATTCGAATTGAATTAGGACAATCAGGAAGATTTTTAGGAAATGATCAATTATATAATGTAATTGTCACTGCTCATGCTTTTGTTATGATTTTTTTCATGGTTATACCTATTTTAATCGGGGGGTTTGGAAATTGGTTAGTCCCTCTTATATTAGGGGCTCCAGATATAGCTTTCCCCCGTATGAATAATTTAAGTTTTTGACTTTTACCTCCTTCTCTTTTTATATTATTTATTTCTTCTATGGTGGATATAGGGGTAGGAGCTGGTTGAACTGTTTATCCACCTCTTGCTTCTTTAGAAGGACATCCTGGAAGATCTGTGGATTTTGCTATTTTTTCTTTACATTTAGCTGGGGCTTCATCTATTATGGGGGCTATCAATTTTATTTCAACTATTATTAATATGCGAATAAGAGGAGTTTCAATAGAGAAGGTCCCTCTTTTTGTCTGGTCTGTTTTGATTACTGCTGTGTTATTATTGCTATCTTTACCAGTTTTAGCTGGAGCTATTACTATGCTATTAACAGATCGAAATTTTAATACTTCTTTTTTTGACCCTTCTGGGGGAGGGGATCCCGTTTTGTTCCAGCATCTGTTT
Alopecosa,GACTTTATATTTAATATTAGGTGTTTGATCAGCAATGATAGGTACTGCTATATCAGTATTAATTCGTATGGAATTAGGTAATCCTGGAAGTTTATTAGGAGATGATCATTTATATAATGTTATAGTTACTGCTCATGCTTTTGTTATAATTTTTTTTATAGTTATACCAATTCTTATTGGTGGTTTTGGTAATTGGTTAGTTCCTTTAATGTTAGGGGCTCCTGATATATCTTTTCCTCGTATAAATAATCTTTCTTTTTGATTATTACCTCCTTCTTTATTTTTATTATGTATATCTTCTATAGTCGAAATAGGAGTAGGAGCTGGTTGAACTGTATATCCGCCTTTAGCATCAAGAGTAGGACATATGGGAAGTTCTATAGATTTTGCTATTTTTTCTCTTCATTTAGCTGGTGCTTCTTCTATTATAGGTGCGGTGAATTTTATTTCTACAATTATTAATATACGGATGATTGGAATATCAATGGAAAAAGTTCCTTTATTTGTTTGGTCAGTTTTAATTACAGCTGTTTTGTTATTACTTTCTTTACCTGTTCTAGCAGGTGCTATTACTATATTATTAACAGATCGGAATTTTAATACTTCTTTTTTTGATCCAGCAGGTGGAGGGGATCCTATTTTATTTCAACATTTATTT
Erigonella,AAGTTTATATTTTGTCTTTGGAGCATGAGCTGCTATAGTGGGTACAGCAATAAGAGTATTAATTCGAATTGAGTTAGGTCAAATTGGGAGATTATTAGGCGACGATCAATTGTATAATGTAATTGTTACTGCTCATGCGTTTGTTATAATTTTTTTTATGGTAATACCTATTCTAATTGGCGGATTTGGAAATTGGCTGGTTCCTTTAATATTGGGGGCACCGGATATAGCTTTTCCTCGCATAAATAATTTAAGTTTTTGGTTGTTACCACCTTCTTTATTATTATTATTTATTTCTAGAATAGACGAAATGGGGGTTGGGGCAGGATGAACTGTGTATCCCCCACTTGCTTCTCTAGAGGGGCATCCTGGTAGATCAGTAGATTTTGCAATTTTCTCTTTACATTTAGCTGGGGCGTCGTCAATTATGGGGGCTATTAATTTTATTTCTACTATCTTAAATATACGGGGGTATGGAATAACTTTAGATAAGGTTCCCTTATTTGTGTGATCTGTTTTGATTACTGCTGTTCTGTTACTTTTATCTTTACCGGTTTTAGCGGGGGCTATCACGATACTTTTAACCGATCGTAATTTTAATACTTCATTTTTTGATCCTTCTGGGGGAGGGGATCCTGTGTTGTTTCAACACTTGTTT
Pelegrina,AACTTTATATTTAATTTTTGGAGCTTGATCAGCTATAGTTGGAACTGCAATAAGAGTATTAATTCGTATAGAATTGGGACAAACTGGTTCGTTTTTAGGTAATGATCATATGTATAATGTAATTGTAACTGCACATGCTTTTGTTATAATTTTTTTTATGGTAATACCAATTTTAATTGGAGGATTTGGAAATTGATTGGTTCCTTTAATATTAGGAGCTCCTGATATAGCTTTTCCTCGTATAAATAATTTAAGATTTTGGTTATTACCTCCTTCTTTGTTTTTATTATTTATTTCTTCTATAGCTGAAATAGGGGTTGGAGCTGGATGGACTGTATATCCTCCTTTAGCTTCTATTGTAGGACATAATGGAAGATCGGTAGATTTTGCGATTTTTTCTTTACATTTAGCTGGTGCTTCTTCAATTATAGGAGCTATTAATTTTATCTCTACTATTATTAATATACGATCTTTAGGAATGTCTCTTGATAAAGTTCCTTTATTTGTTTGATCTGTTATGATTACTGCTGTTTTATTATTACTTTCTTTACCGGTTTTAGCAGGAGCTATTACTATATTATTAACTGATCGAAATTTTAATACTTCTTTTTTTGATCCTGCAGGAGGGGGGGATCCTATTTTATTTCAACATCTATTT
Steatoda,TACTTTGTATTTAGTATTTGGAGCTTGATCTGCTATAGTTGGAACTGCTATAAGAGTATTAATTCGGGTTGAACTAGGTCAACCTGGGAGATTATTAGGGGACGATCAATTATACAATGTAATTGTAACAGGACATGCTTTTATTATAATTTTTTTTATAGTAATACCAATTCTAATTGGTGGATTTGGGAACTGGTTAGTTCCTTTAATGTTAGGAGCTCCTGACATGGCTTTTCCTCGAATAAATAATTTAAGATTTTGGTTACTACCCCCTTCTTTAATATTATTATTTATTTCTTCTATAGAAGAAATAGGAGTAGGGGCTGGATGGACTATTTATCCACCTTTATCTTCTTTAGAAGGGCACAGAGGCAGATCTGTAGATTTTGCTATTTTTTCTTTACATCTAGCGGGTGCTTCTTCTATTATAGGGGCTATTAATTTTATTTCTACTATTTTTAATATACGTATAAATGGAATAAGATTAGAAAAGGTTAGATTATTTGTATGATCAGTTTTGATTACAGCTGTTTTGTTATTACTATCTTTACCTGTGCTAGCAGGTGCTATTACTATGCTATTGACGGATCGAAATTTTAATACTTCTTTTTTTGACCCTGCTGGTGGGGGTGATCCTATTTTGTTTCAACATCTATTT
Labulla,TTCTTTGTATTTAATTTTTGGGGCTTGAGCTGCTATAGTGGGGACAGCTATAAGTGTTTTAATTCGTGTAGAATTAGGACAAACAGGGAGTTTACTTGGGGATGATCATTTATATAATGTTATTGTGACAGCTCATGCGTTTGTAATAATTTTTTTTATGGTTATGCCTATTTTAATTGGGGGATTTGGAAATTGGTTAATTCCCCTAATGTTAGGAGCGCCTGATATGGCTTTTCCTCGAATAAATAATTTGAGTTTTTGATTATTACCTCCTTCTTTAATGTTATTATTTATTTCTTCTATGGTAGAAATAGGTGTTGGGGCTGGTTGGACTGTGTATCCGCCATTGGCTTCTTTGGAAGGGCATGCTGGAAGTTCAGTAGATTTTGCTATTTTTTCTTTACATTTAGCGGGGGCTTCTTCTATTATAGGGGCTATTAATTTTATTTCTACAATTTTGAATATACGAATAGAGAGTATTAGTATAGAAAAGATATCTTTATTTGTATGGTCTGTTTTAATTACGGCAGTTTTATTATTATTATCTTTACCTGTTTTAGCAGGGGCTATTACTATGTTGTTAACAGATCGAAATTTTAATACCTCATTTTTTGATCCAGCAGGAGGGGGGGATCCTATTTTATTTCAGCATTTATTT
Pityohyphantes,TACTTTATATTTTATTTTTGGAGCATGGTCAGCTATAGTAGGAACGGCCATAAGAGTGTTAATTCGAATTGAGTTAGGACAAATTAGAAGAGTGTTAGGAAATGACCAACTTTATAATGTAATTGTTACTTCTCATGCTTTTGTAATAATTTTTTTTATAGTAATACCTATTTTAATTGGGGGGTTTGGGAATTGGTTAGTTCCTCTAATATTAGGTGCTCCTGATATGGCATTTCCTCGAATAAATAACTTAAGTTTTTGGCTACTTCCTCCTTCATTACTATTACTATTTATTTCTTCTATGGTAGAAATAGGAGTTGGGGCAGGTTGAACTGTTTACCCTCCTTTATCTTCATTAGAGGGACATTCTGGAGGATCTGTTGATTTTGCTATTTTTTCTTTACATTTAGCAGGTGCTTCTTCTATTATAGGAGCTATTAATTTTATTTCCACAATTTTAAATATACGAGCATATATAATTAGTATGGAAAAGGTGTCTTTATTTGTTTGATCCATTTTAATTACTGCTGTTCTTTTATTATTATCTTTACCTGTTTTAGCTGGAGCTATTACCATATTATTGACTGATCGAAATTTTAATACATCATTTTTTGATCCTGCTGGAGGAGGAGATCCTATTTTATTTCAACATTTATTT
Antistea,TACATTATATATAATGTTTGGAGCTTGAAGTGCGGTGGTTGGAACTGCTATAAGATTTTTAATTCGGATTGAATTAGGACAATTAGGAAGATTTTTAGGAGATGATCATTTATATAATGTAATTGTTACTGCTCATGCTTTTGTTATAATCTTTTTTATAGTAATGCCTATTATAATTGGAGGTTTTGGAAATTGGTTGGTTCCTATGATATTAGGGGCACCGGATATGGCATTTCCTCGAATAAATAATTTAAGATTTTGATTATTACCCCCGTCTTTATTTTTATTATTTATTTCATCAATAGTAGAGATAGGAGTAGGAGCTGGGTGGACTATTTATCCTCCATTGGCTTCTGTAGTAGGGCATGGTGGGAGTTCTGTTGATTTTGCTATTTTTTCTTTACATTTAGCAGGGGCATCTTCTATTATGGGGGCTATTAATTTTATTTCAACTATTTTAAATATACGAGTAGCAGGAATAAGAATAGAGAAGGTTCCTTTGTTTGTATGATCAGTTTTTATTACTGCAATTTTGTTATTATTATCATTACCAGTTTTAGCAGGGGCAATTACTATATTATTAACTGATCGGAATTTTAATACTTCGTTTTTTGATCC----------------------------------------
Wadotes,TACTTTGTATTTAGTTTTTGGAGCTTGATCTTCTATAGTTGGAACTGCTATAAGAGTTTTGATTCGAATTGAATTAGGTCAATCAGGAAGATTTTTAGGTGATGATCATTTATATAATGTTATTGTCACTGCACATGCTTTTGTTATGATTTTTTTTATAGTGATACCAATTTTGATTGGAGGGTTTGGGAATTGACTTGTTCCTTTAATATTAGGGGCTCCTGATATAGCTTTTCCTCGAATAAATAATTTAAGTTTTTGATTATTGCCTCCTTCATTATTTTTATTAGTAATTTCTTCTATAGTGGAAATAGGTGTAGGGGCGGGATGGACTGTGTATCCGCCTTTGGCTGCTAGTATAGGACATACTGGTAGTTCAGTGGATTTTGCTATTTTTTCTTTACATTTAGCTGGAGCTTCTTCTATTTTAGGTGCTATTAATTTTATTTCTACTATTATTAATATACGTTCTTATGGAATGACTTTTGAAAGGGTTCCTTTATTTGTTTGATCAGTATTGATTACTGTTATTTTGTTATTGTTATCTCTTCCTGTTTTAGCGGGGGCTATTACTATATTGTTAACTGATCGAAATTTTAATACTTCATTTTTTGATCCGGCGGGTGGAGGGGATCCAATCTTATTTCAACATTTATTT
Trochosa,TACTTTGTATTTAATGTTTGGTGCATGATCTGCTATAGTGGGAACTGCTATAAGAGTGTTGATTCGTTTAGAATTAGGGAATTCTGGAAGTTTATTAGGGGATGATCATTTATATAATGTTATAGTTACAGCTCATGCTTTTGTGATGATTTTTTTTATAGTAATACCAATTCTTATTGGAGGTTTTGGAAATTGATTAATTCCTTTAATATTAGGTGCTCCCGATATATCGTTTCCTCGAATAAATAATCTTTCTTTTTGGTTATTACCTCCTTCTTTATTTTTATTATCTATGTCTTCTATGGTGGAAATAGGAGTGGGGGCTGGTTGAACAGTTTATCCTCCTTTAGCGTCTAGAGTGGGTCATATAGGGAGTTCTATAGATTTTGCTATTTTTTCTCTTCATTTAGCTGGTGCTTCTTCTATTATAGGAGCAGTAAATTTTATTTCTACTATTATTAATATACGAATATTAGGTATATCTATAGATAAAGTACCTTTATTTGTTTGATCAGTTTTGATTACGGCTGTTTTATTATTATTATCTTTACCTGTTTTAGCGGGTGCTATTACTATATTGTTAACTGATCGAAATTTTAATACTTCTTTTTTTGACCCTGCAGGGGGAGGGGATCCTATTTTATTTCAACATTTATTT
Neoscona,GACTTTATATTTAATTTTTGGAGCATGAGCTGCTATAATAGGAACAGCTATAAGAGTTTTGATTCGAATTGAATTAGGTCAACCAGGAAGTTTTATAGGTGATGATCAATTATATAATGTAATTGTAACTGCTCATGCATTTGTAATAATTTTTTTTATAGTAATACCAATTTTGATTGGGGGATTTGGAAATTGATTAGTTCCTTTAATATTAGGGGCTCCTGATATAGCTTTTCCTCGTATAAATAATTTGAGATTTTGATTATTACCTCCTTCATTATTATTATTAATTATTTCATCATTAGTAGAAATAGGGGTGGGAGCTGGTTGAACAGTATATCCTCCATTAGCTGGATTGGAGGGACATGCAGGAAGATCAGTAGATTTTGCTATTTTTTCTTTACATTTAGCGGGAGCTTCTTCAATTATAGGAGCAATTAATTTTATTTCTACAATTATTAATATACGATTTTATGGAATAACTATAGAAAAGGTTCCTTTATTTGTATGATCTGTATTAATTACAGCTGTTTTATTATTATTATCTTTACCTGTATTAGCAGGTGCTATTACAATATTATTAACTGATCGAAATTTTAATACGTCTTTTTTTGATCCTTCAGGGGGTGGTGATCCTATTTTGTTTCAACATTTATTT
Leucauge,----------TTTATTTTTGGTGCTTGAGCTTCAATAGTAGGGACAGCTATAAGTGTGCTAATTCGGATTGAGTTAGGTCAATCGGGAAGATTTTTAGGCGATGATCAATTGTATAATGTGATTGTAACAGCTCATGCTTTTATTATAATTTTTTTTATAGTTATACCTATTTTGATTGGGGGATTTGGAAATTGATTGGTTCCTTTAATATTAGGGGCTCCTGATATGGCTTTTCCTCGGATAAATAATTTAAGTTTCTGACTATTACCTCCTTCACTCTTTTTATTATTTATTTCTTCAATGGTAGATATAGGAGTGGGGGCTGGGTGAACTGTATATCCTCCTTTAGCTTCTTTAGAAGGGCATTCTGGTAGTTCTATGGATTTTGCTATTTTTTCTCTTCATTTAGCTGGGGCTTCTTCTATTATAGGGGCTATTAATTTTATTTCTACTATTTTTAATATACGGGTAAATGGAATAAGAATAGAAAAAGTTCCTTTATTTGTTTGATC-------------------------------------------------------------------------------------------------------------------------------------------------
Pardosa,GACTTTATATTTAATATTTGGAGTTTGATCAGCTATAATAGGTACTGCAATAAGAGTATTAATTCGAATAGAATTAGGAAATCCTGGAAGATTATTAGGTGATGATCATTTATATAATGTTATAGTTACTGCTCATGCTTTTGTAATGATTTTTTTTATAGTAATACCAATTCTTATTGGAGGTTTTGGAAATTGATTGGTTCCTTTAATATTAGGAGCTCCAGATATATCATTTCCTCGAATAAATAATCTTTCTTTTTGATTATTACCTCCTTCTTTGTTTTTATTATCTATATCTTCTATGGTAGAAATAGGAGTTGGTGCTGGGTGAACTGTTTATCCTCCTTTAGCTTCTACGGTTGGTCATATAGGGAGTTCTATAGATTTTGCTATTTTTTCTCTTCATTTAGCTGGGGCTTCTTCTATTATAGGAGCTGTAAATTTTATTTCTACTATTATTAATATACGAATATTAGGTATATCTATAGAAAAGATTCCTCTTTTTGTTTGATCAGTTTTAATTACAGCGGTATTATTATTACTTTCTTTACCTGTATTAGCAGGTGCTATTACTATATTGTTAACGGATCGAAATTTTAATACCTCTTTTTTT---------------------------------------------
Horcotes,AAGTTTATATTTTATTTTTGGGGCTTGAGCTGCAATAGTCGGGACAGCAATAAGAGTATTGATTCGAATTGAGTTAGGACAAACTGGTAGTTTATTAGGAGACGATCAGCTTTACAATGTTATTGTTACTGCTCATGCTTTTGTTATAATTTTTTTTATAGTAATGCCTATTTTAATTGGAGGGTTTGGAAATTGATTGGTTCCTTTGATATTAGGTGCACCTGATATAGCATTTCCCCGTATAAATAATTTAAGTTTTTGGCTGTTACCCCCTTCTTTGTTATTATTATTTGTTTCAAGTATAGACGAAATAGGGGTGGGGGCCGGATGAACTGTTTATCCTCCTCTCGCCTCTTTGGAGGGACATTCTGGTAGTTCAGTAGATTTTGCGATTTTCTCTCTACATTTAGCTGGTGCGTCGTCAATTATGGGGGCTATTAATTTTATTTCTACTATTTTAAACATACGAGGGTATGGAATAAGTATAGAAAAGGTTCCTTTGTTTGTTTGGTCTGTTTTAATTACAGCTGTTTTATTATTATTATCTTTACCTGTTTTAGCAGGGGCCATTACTATGCTTTTAACGGATCGGAATTTTAATACGTCATTTTTTGACCCATCTGGTGGAGGGGATCCGGTTTTATTCCAACATTTATTT
Pardosa,TACTTTATATTTAATGTTTGGGGTTTGGTCAGCTATAATAGGGACTGCTATAAGAGTATTAATTCGAATGGAATTAGGGAATCCTGGAAGATTGTTAGGTGATGACCATTTATATAATGTTATAGTTACTGCTCATGCTTTTGTAATAATTTTTTTTATAGTAATACCTATTCTTATTGGGGGTTTTGGAAATTGGTTAGTTCCTTTAATATTGGGAGCTCCAGATATATCATTTCCTCGAATAAATAATCTTTCTTTTTGATTATTACCTCCTTCTTTGTTTTTATTATCTATATCTTCTATAGTAGAAATAGGAGTTGGGGCTGGATGAACTGTTTATCCTCCTTTAGCATCTACGGTTGGGCATATAGGAAGTTCAATAGATTTTGCTATTTTTTCTCTTCATTTAGCTGGAGCTTCTTCTATTATGGGGGCTGTAAATTTTATTTCTACTATTATTAATATACGAATATTAGGGATGTCTATAGAAAAGGTTCCTCTTTTTGTATGATCAGTTTTAATTACGGCAGTATTATTATTACTTTCTTTACCTGTTTTAGCAGGTGCTATTACTATATTGTTAACAGATCGAAATTTTAATACTTCTTTTTTTGACCCTGCTGGAGGGGGGGATCCTATTTTATTTCAACATTTATTT
Centromerus,AAGATTGTATTTAATTTTTGGAGCTTGGGCTGCGATAGTTGGGACTGGTATGAGAGTTTTGATTCGGGTAGAATTAGGGCAGGTTGGGAGAATATTAGGGGATGATCAATTGTATAATGTTATTGTTACTGCTCATGCTTTTGTTATGATTTTTTTTATAGTTATACCTATTTTAATTGGGGGATTTGGAAATTGGTTAGTTCCTTTAATATTGGGGGCTCCAGATATAGCTTTTCCTCGTATGAATAATTTAAGTTTTTGATTATTGCCCCCATCTTTGTTTTTGTTATTTATTTCTTCTATGGTAGAAATAGGAGTGGGGGCGGGGTGGACTATTTATCCTCCACTAGCTTCTTTAGAGGGACATTCTGGTAGTTCTGTAGATTTTGCTATTTTTTCTCTTCATTTAGCGGGGGCATCGTCTATTATAGGGGCAATTAATTTTATTTCTACTATTATTAATATGCGGTCTTATGGGATAGGAATAGAAAGGGTTTCTTTATTTGTGTGATCTGTTTTGATTACAGCAGTTCTTTTACTGTTATCATTACCGGTGCTTGCAGGAGCTATTACAATGTTATTAACAGATCGAAATTTTAATACTTCTTTTTTTGATCCTGCTGGGGGAGGGGATCCTATTTTGTTTCAACATTTATTT
Eridantes,TAGTTTATATTTTATTTTTGGTGCTTGGGCTGCGATAGTAGGAACAGCAATAAGAGTATTGATTCGAATTGAGTTAGGACAAGTTGGAAGATTATTGGGTGATGACCAGTTGTATAATGTTATTGTTACTGCACATGCTTTTGTAATAATTTTTTTTATAGTTATACCTATTTTGATTGGGGGATTTGGTAATTGATTAGTCCCCTTAATGTTAGGGGCGCCTGATATAGCTTTTCCTCGTATAAATAATTTAAGATTTTGGTTATTACCTCCTTCTTTATTTTTATTATTTATTTCAAGAATGGATGAAGTAGGGGTAGGGGCAGGTTGAACTGTGTATCCTCCTCTTGCGTCTTTGGAAGGGCATTCTGGAAGTTCAGTAGATTTCGCTATCTTTTCTTTACATTTAGCTGGAGCTTCATCTATTATAGGGGCTATTAATTTTATTTCTACTATTTTAAATATGCGGGGGTATGGTATAACTATAGATAAGGTTCCATTATTTGTATGGTCTGTTTTGATTACAGCTGTTTTATTGCTTTTGTCTTTACCTGTTTTGGCAGGAGCAATTACTATACTCTTAACTGATCGAAATTTTAATACATCATTTTTTGATCCTTCTGGAGGGGGGGATCCTGTGTTGTTTCAGCATTTGTTT
Habronattus,AACTTTATATTTAATTTTTGGTGCTTGGGCTGCTATAGTAGGGACTGCTATAAGAATACTGATTCGGTTGGAATTAGGTCAAACTGGTAGATTTTTAGGTAATGATCATATATATAATGTAATTGTTACTGCTCATGCTTTTGTAATAATTTTTTTTATAGTAATACCTATTTTAATTGGGGGTTTTGGTAATTGATTAGTTCCTTTAATGTTGGGAGCTCCTGATATAGCTTTTCCTCGAATAAATAATTTGAGTTTTTGATTATTACCCCCTTCTTTAATATTATTATTTATTTCTTCAATGGTGGAAATAGGAGTAGGTGCTGGGTGAACGGTTTATCCTCCATTGGCTTCCGTAGTAGGTCATGGGGGGAGATCTGTAGATTTTGCTATTTTTTCTCTTCATTTAGCTGGGGCTTCTTCTATTATAGGAGCTATTAATTTTATTTCTACTGTAATTAATATACGTTCTTCGAGTATAACTATAGATAAGGTACCTTTATTTGTATGATCTGTTTTGATTACGGCTGTTTTACTATTACTTTCTTTACCGGTATTAGCAGGTGCTATTACTATATTGTTAACTGATCGAAATTTTAATACCTCTTTTTTTGATCCAGCTGGTGGGGGAGATCCTATTTTGTTTCAACATTTGTTT
Neoscona,AACTTTATATTTAATTCTTGGGGCATGGGCTGCTATATTAGGAACAGCAATAAGAGTATTAATTCGAATTGAGTTAGGTCAACCGGGTAGATTTATAGGTGATGACCAATTATATAATGTAATTGTAACTGCTCATGCATTTGTAATAATTTTTTTTATGGTTATGCCAATTTTAATTGGAGGATTTGGAAATTGATTAGTTCCTTTAATATTAGGAGCTCCTGATATAGCTTTTCCACGAATGAATAATTTAAGATTTTGATTATTACCTCCTTCATTATTATTACTAATTACTTCATCAATAGTTGAAATAGGGGTTGGTGCTGGTTGAACAGTATATCCTCCTTTGGCTGGATTAGAAGGACATGCTGGTAGCTCAGTTGATTTTGCTATTTTTTCTTTACATTTAGCTGGGGCTTCTTCAATTATAGGGGCAATTAATTTTATTTCTACTATTATTAATATACGTTTTTATGGAATGACTATAGAAAAAGTTCCTTTATTTGTATGATCTGTATTAATTACAGCTGTTCTATTATTATTATCTTTACCAGTATTAGCTGGGGCTATTACAATATTATTAACTGATCGAAATTTTAATACTTCTTTTTTTGATCCTTCTGGGGGTGGAGATCCTATTTTATTTCAGCATTTGTTT
Tigrosa,GACTTTATATTTAATGTTTGGTGTTTGATCTGCAATAATAGGTACTGCAATAAGAGTATTGATTCGAATAGAATTAGGAAATCCTGGTAGTTTATTAGGGGATGATCATTTATATAATGTTATAGTTACTGCTCATGCTTTTGTAATAATTTTTTTTATAGTAATACCAATTCTTATTGGTGGATTTGGTAATTGATTGGTTCCTTTAATGTTAGGGGCTCCTGATATATCGTTTCCTCGAATAAATAATCTTTCTTTTTGGTTATTACCTCCTTCTTTATTTTTATTATCTATATCTTCTATAGTGGAGATAGGTGTTGGGGCGGGATGAACTGTTTATCCTCCTTTAGCTTCTAGTATAGGACATAGAGGGAGTTCTATGGATTTTGCTATTTTTTCTCTTCATTTGGCTGGGGCTTCTTCTATTATGGGGGCAGTGAATTTTATTTCTACTATTATTAATATACGAGTGGTTGGAATATCAATAGAAAGGGTTTCATTATTTGTATGGTCAGTATTGATTACTGCTGTATTGTTATTACTCTCTTTACCTGTTTTAGCAGGAGCTATTACTATATTGTTAACTGATCGAAATTTTAATACTTCTTTTTTTGACCCTGCTGGGGGTGGAGATCCTATTTTGTTTCAACATTTATTT
Mecaphesa,AACTTTGTATTTATTATTTGGGGCATGATCTGCTATAGTTGGAACTGCTATAAGAGTTTTGATTCGAATGGAGTTAGGAAATTCTGGGAGATTATTAGGAAATGATCATTTATATAATGTAATTGTTACTGCTCATGCTTTTGTAATAATTTTTTTTATAGTGATGCCAATTTTGATTGGTGGGTTTGGAAATTGATTAGTACCTTTAATGTTAGGAGCACCTGATATATCTTTTCCACGTATAAATAACTTATCTTTTTGATTACTCCCACCTTCATTGTTTTTATTATTTATATCATCTATGGTGGAAATAGGAGTAGGAGCGGGGTGAACTGTTTACCCTCCTTTAGCATCTAGTGTAGGTCATATGGGAAGATCTATAGATTTTGCTATTTTTTCTCTTCATTTAGCTGGTGCTTCATCCATTATAGGGGCTGTAAATTTTATTTCTACTATTATTAATATACGAAGTCAAGGTATAAGAATGGAAAAGGTACCTTTATTTGTTTGATCTGTATTAATTACTGCTATTTTGTTATTGTTATCTCTTCCTGTTTTAGCTGGGGCTATTACTATACTATTAACTGATCGTAATTTTAATACTTCATTTTTTGATCCTGCTGGAGGAGGAGATCCTATTTTATTTCAACATTTATTT
Improphantes,AACGCTATATTTTATTTTTGGGGCTTGAGCTGCTATAGTGGGGACTGCTATAAGAGTATTAATTCGAATTGAATTAGGACAAACAGGAAGAATGTTAGGAGATGATCAATTGTATAATGTGATTGTTACGGCGCATGCTTTTGTTATAATTTTTTTTATAGTTATACCTATTTTAATTGGGGGGTTTGGAAATTGGCTTGTGCCTTTAATGTTAGGGGCTCCTGATATAGCTTTTCCTCGTATAAATAATTTAAGATTTTGGTTATTACCCCCTTCGTTATTGTTGCTATTTATCTCTAGTATGGTAGAAATAGGGGTAGGGGCTGGATGAACAGTTTATCCTCCTCTTGCTTCTTTAGAAGGGCATGCTGGGAGCTCTGTAGATTTTGCAATTTTTTCTTTACATTTAGCTGGGGCTTCTTCAATTATAGGGGCTATTAATTTTATTTCTACTATTATTAATATGCGAGGATATGGGGTTTCTATAGAAAAAGTTCCTTTATTTGTGTGATCTGTTTTAATTACGGCTGTATTATTGTTACTGTCTTTACCTGTGTTAGCAGGTGCGATTACTATGTTGTTAACTGATCGAAATTTTAATACTTCTTTTTTTGACCCAGCTGGGGGAGGGGATCCTGTTTTATTTCAACATTTGTTT
Pelegrina,AACTTTATATTTAATTTTTGGAGCTTGATCAGCTATAGTTGGAACTGCAATAAGAGTATTAATTCGTATTGAATTAGGACAAACTGGATCATTTTTAGGTAATGATCATATTTATAATGTAATTGTAACTGCGCATGCTTTTGTTATAATTTTTTTTATGGTAATACCAATTTTAATTGGTGGATTTGGAAATTGATTGGTTCCTTTAATATTAGGAGCTCCTGATATAGCTTTTCCTCGTATAAATAATTTAAGATTTTGGTTATTACCTCCTTCTTTGTTTTTATTATTTATTTCTTCTATAGCTGAAATAGGAGTTGGAGCTGGATGAACTGTATATCCTCCTTTAGCTTCTATTGTAGGACATAATGGAAGATCTGTAGATTTTGCAATTTTTTCTTTACATTTAGCTGGTGCTTCTTCAATTATAGGAGCTATTAATTTTATTTCTACTATTATTAATATACGGTCCTTAGGAATATCTCTTGATAAGGTTCCTTTATTCGTTTGATCTGTTATGATTACTGCTGTTTTATTATTACTTTCTTTACCGGTTTTAGCTGGAGCTATTACTATATTATTAACTGATCGAAATTTTAATACTTCTTTTTTTGATCCTGCAGGAGGGGGTGATCCTATTTTATTTCAACATTTATTT
Agelenopsis,TACTTTATATTTAATTTTTGGTGCTTGGTCTGCAATAGTAGGAACAGCAATAAGAGTTTTGATTCGGATTGAATTAGGTCAGCCTGGGAGATATTTAGGTGATGATCATCTTTATAATGTTATTGTTACTGCTCATGCTTTTGTTATAATTTTTTTTATAGTGATACCTATTTTAATTGGAGGTTTTGGGAATTGATTAGTACCTTTGATATTAGGGGCTCCTGATATGGCATTTCCTCGTATAAATAATTTAAGATTTTGGTTATTACCACCCTCTTTATTTTTGTTATTTATTTCTTCTATAGCTGAGATAGGGGTAGGTGCAGGTTGGACAGTTTACCCTCCTTTAGCTTCTACTGTTGGTCATGCTGGAAGTTCAGTGGATTTTGCTATTTTTTCTTTACATTTAGCGGGGGCTTCTTCTATTATGGGAGCTATTAATTTTATTTCTACTATTTTTAATATACGTTCTTATGGAATATCAATAGAAAAAGTTTCTTTATTTGTGTGGTCTGTTTTAATCACAGCTGTTTTACTATTATTATCTTTACCTGTATTAGCAGGGGCTATTACAATATTATTAACTGATCGAAATTTTAATACATCTTTCTTTGATCCAGCAGGAGGTGGGGATCCAATTTTATTTCAACATTTGTTT
Emblyna,AACTTTATATTTATTGTTTGGAGCTTGAGCTGCTATAGTGGGAACTGCGATAAGAGTATTAATTCGAATTGAGTTAGGGCAACCTGGAAGATTTTTAGGTAATGATCAAATATATAATGTTATAGTAACGGCTCATGCGTTTGTTATGATTTTTTTTATAGTAATACCGATTTTAATTGGAGGATTTGGAAATTGGTTAGTTCCTTTAATATTAGGAGCTCCTGATATAGCTTTTCCTCGAATAAATAATTTAAGATTTTGACTATTACCTCCTTCTTTATTATTGTTGTTTATTTCTTCTATAGTTGAAATAGGTGTGGGGGCAGGATGAACTATTTATCCTCCTTTGGCTTCTGTGGTCGGTCATTCAGGAAGATCTGTGGATTTTGCTATTTTTTCTTTACATTTAGCTGGAGCTTCTTCAATTATAGGAGCTATTAATTTTATTTCAACTATTATTAATATACGGATAGAAGGAATAAGAATAGAGAAAGTTCCTTTATTTGTTTGATCTGTTTTAATTACTGCTGTCCTTCTATTATTGTCTCTTCCAGTTTTAGCTGGAGCTATTACAATATTGTTAACTGATCGAAATTTTAATACATCTTTTTTTGATCCTGCGGGGGGTGGTGATCCAATTTTATTTCAACATTTATTT
Neriene,AACTTTATATTTTATTTTTGGAGCATGAGCTGCTATAGTAGGAACAGCTATGAGAGTGTTAATTCGAATTGAGTTAGGCCAAACTGGAAGATTATTGGGAGATGGCCAATTATATAATGTAATTGTAACGGCCCATGCTTTTGTAATAATTTTTTTTATAGTTATACCTATTTTGATTGGAGGTTTTGGTAATTGATTAGTTCCTTTAATGTTAGGAGCACCTGATATGGCTTTTCCTCGAATAAATAATTTAAGTTTTTGACTATTGCCTCCTTCTTTATTCATATTATTTATTTCTTCTTTAGCTGAAGTTGGTGTTGGGGCTGGGTGAACTGTATATCCTCCTTTATCTTCTTTAGAAGGTCATTCGGGAAGATCTATAGATTTTGCTATTTTCTCTTTACATTTAGCTGGAGCTTCTTCAATTATAGGGGCTATTAATTTTATTTCTACAATTTTAAATATACGAGCTTATGGAGTCTCTATAGAAAAAGTTTCTTTATTTGTTTGATCAGTTTTAATTACAGCTGTACTTTTATTATTATCTTTACCTGTTTTAGCAGGAGCTATTACAATACTATTAACTGATCGTAATTTTAATACCTCTTTTTTCGATCCAGCTGGAGGAGGAGATCCTATTTTATTTCAACATTTATTT
Haplodrassus,---------------------------AGCAGCTATAGTTGGTACGGCAATAAGAGTTTTAATTCGAATAGAATTAGGACAGTCTGGTAGATTAATGGGAGATGATCATTTATATAATGTAATTGTAACTGCTCATGCGTTTGTTATAATCTTTTTTATAGTGATACCTATTTTAATTGGTGGATTTGGAAATTGGTTAATTCCTTTAATATTAGGAGCTCCTGATATAGCTTTTCCTCGAATAAATAATTTAAGTTTTTGATTATTACCACCTTCTTTAGTAATATTATTTGTTTCTTCTATGGTAGAGATAGGAGTTGGTGCAGGATGGACTGTTTATCCTCCTTTAGCTTCTTCTGTAGGACATATAGGAAGTGCTATGGATTTTGCTATTTTTTCTTTACACTTAGCTGGAGCTTCATCTATTATAGGTGCTATTAATTTTATTTCTACTGTAATTAATATACGATCTATTGGAATAAGAATAGAAAAGGTTCCTTTATTTGTTTGATCTGTTTTTATTACAGCTGTATTGTTATTATTATCTTTACCTGTATTAGCAGGTGCTATTACTATATTATTAACAGATCGTAATTTTAATACTTCTTTCTTTGATCCTGCTGGAGGTGGGGATCCTATTTTATT-------------
Salticus,AACTTTATATTTAATTTTTGGAGCTTGATCGGCTATAGTAGGAACTGCAATGAGAGTTTTAATTCGAATGGAATTAGGACAGACAGGTAGATTTTTGGGAAATGATCATATATATAATGTAATTGTGACAGCACATGCTTTTGTTATGATTTTTTTTATAGTAATACCAATTTTAATTGGTGGTTTTGGAAATTGATTGGTTCCTTTAATATTAGGGGCACCTGATATAGCTTTTCCTCGAATAAATAATTTGAGTTTTTGATTATTACCGCCTTCTTTATTTTTATTATTTATTTCGTCTTTAGCAGAAATAGGAGTAGGGGCAGGTTGAACGGTATATCCCCCATTAGCATCTATTGTTGGTCATAATGGAAGTTCTGTAGATTTTGCTATTTTTTCTTTACATTTGGCGGGAGCTTCTTCAATTATGGGAGCTATTAATTTTATTTCAACAGTTATTAATATACGGTCTGTAGGTATAACAATAGATAAGGTTCCATTGTTTGTGTGATCAGTAGTAATTACTGCTGTTCTTTTATTATTATCTTTACCTGTTTTAGCAGGAGCTATTACTATATTATTAACTGATCGAAATTTTAATACATCTTTTTTTGATCCTGCTGGAGGAGGAGATCCTATTTTATTTCAACATTTGTTT
Pardosa,GACTTTATATTTAATATTTGGAGTTTGGTCAGCTATAATGGGGACTGCTATAAGAGTATTAATTCGAATGGAATTAGGTAATCCTGGGAGATTATTAGGTGATGATCATTTATATAATGTTATAGTTACTGCTCATGCTTTTGTAATAATTTTTTTTATAGTAATACCAATTCTTATTGGGGGTTTTGGAAATTGGTTAGTTCCTTTAATATTAGGAGCTCCGGATATATCATTTCCTCGAATAAATAATCTTTCTTTTTGATTATTACCTCCTTCATTATTTTTATTGTCAATATCCTCTATAGTAGAAATAGGAGTTGGTGCTGGATGAACTGTTTATCCTCCTTTAGCATCTACGGTTGGTCATATAGGAAGTTCAATGGATTTTGCTATTTTTTCTCTTCATTTAGCTGGTGCTTCTTCTATTATAGGGGCTGTAAATTTTATTTCTACTATTATTAATATACGAATATTAGGAATATCTATAGAAAAAGTTCCTCTTTTTGTTTGATCAGTTTTAATTACGGCAGTACTATTGTTGCTTTCTTTACCTGTATTAGCAGGTGCTATTACTATATTATTAACAGATCGAAATTTTAATACTTCTTTTTTTGATCCTGCTGGTGGAGGAGATCCTATTTTATTTCAACATTTATTT
Leucauge,TACTTTATATTTTATTTTTGGAGCATGGGCTGCTATAGTCGGAACTGCTATAAGAGTTTTGATTCGAATTGAACTAGGTCAGCCGGGAAGTTTTTTAGGAGATGATCAATTGTATAATGTAATTGTTACTGCTCATGCTTTTGTTATAATTTTTTTTATAGTAATACCTATTTTAATTGGGGGTTTTGGAAATTGGTTGGTTCCTCTTATATTGGGAGCTCCTGATATAGCATTTCCTCGAATAAATAATTTAAGTTTCTGGCTGTTACCCCCCTCTCTTTTTTTGTTATTTATTTCTTCAATAGTAGATATAGGAGTGGGGGCGGGGTGAACTGTGTATCCTCCCCTCGCTTCTTTGGAAGGGCATTCTGGTAGATCTATAGATTTTGCTATTTTTTCCTTGCATTTAGCGGGGGCATCCTCTATTATAGGTGCAATTAATTTTATTTCAACTATTTTGAATATACGATCATATGGAATAACTATGGATAAGGTTTCTTTATTTGTGTGGTCTGTGTTAATTACTGCTGTTCTTTTACTTTTATCTTTACCTGTTTTGGCAGGAGCTATTACTATATTATTGACTGACCGAAATTTTAATACCTCTTTTTTTGATCCTTCAGGAGGGGGTGATCCTGTTCTTTTTC-----------
